{"v":"5.5.7","meta":{"g":"LottieFiles AE 0.1.20","a":"","k":"","d":"","tc":""},"fr":24,"ip":0,"op":72,"w":1460,"h":220,"nm":"Composite","ddd":0,"assets":[],"layers":[{"ddd":0,"ind":1,"ty":4,"nm":"Lines","sr":1,"ks":{"o":{"a":0,"k":100,"ix":11},"r":{"a":0,"k":0,"ix":10},"p":{"a":0,"k":[1153.374,109.135,0],"ix":2},"a":{"a":0,"k":[1153.374,109.135,0],"ix":1},"s":{"a":0,"k":[100,100,100],"ix":6}},"ao":0,"shapes":[{"ty":"gr","it":[{"ty":"gr","it":[{"ind":0,"ty":"sh","ix":1,"ks":{"a":0,"k":{"i":[[35.658,0],[0,0],[0,35.658],[0,0],[-35.658,0],[0,0],[0,-35.658],[0,0]],"o":[[0,0],[-35.658,0],[0,0],[0,-35.658],[0,0],[35.658,0],[0,0],[0,35.658]],"v":[[1.191,96.099],[-1.191,96.099],[-65.755,31.534],[-65.755,-31.534],[-1.191,-96.099],[1.191,-96.099],[65.755,-31.534],[65.755,31.534]],"c":true},"ix":2},"nm":"Path 1","mn":"ADBE Vector Shape - Group","hd":false},{"ty":"st","c":{"a":0,"k":[0.137254908681,0.121568627656,0.1254902035,1],"ix":3},"o":{"a":0,"k":100,"ix":4},"w":{"a":0,"k":3,"ix":5},"lc":1,"lj":1,"ml":10,"bm":0,"nm":"Stroke 1","mn":"ADBE Vector Graphic - Stroke","hd":false},{"ty":"tm","s":{"a":1,"k":[{"i":{"x":[0.833],"y":[1]},"o":{"x":[0.713],"y":[0]},"t":5,"s":[0]},{"i":{"x":[0.833],"y":[1]},"o":{"x":[0.167],"y":[0]},"t":16,"s":[0]},{"i":{"x":[0.703],"y":[1]},"o":{"x":[0.167],"y":[0.167]},"t":17,"s":[100]},{"t":40,"s":[0]}],"ix":1},"e":{"a":1,"k":[{"i":{"x":[0.833],"y":[0.833]},"o":{"x":[0.713],"y":[0]},"t":5,"s":[41]},{"i":{"x":[0.833],"y":[1]},"o":{"x":[0.167],"y":[0]},"t":16,"s":[0]},{"i":{"x":[0.833],"y":[0.833]},"o":{"x":[0.167],"y":[0.167]},"t":17,"s":[100]},{"i":{"x":[0.667],"y":[1]},"o":{"x":[0.167],"y":[0.167]},"t":26,"s":[75]},{"t":40,"s":[41]}],"ix":2},"o":{"a":0,"k":0,"ix":3},"m":1,"ix":3,"nm":"Trim Paths 1","mn":"ADBE Vector Filter - Trim","hd":false},{"ty":"tr","p":{"a":0,"k":[1076.831,109.135],"ix":2},"a":{"a":0,"k":[0,0],"ix":1},"s":{"a":0,"k":[100,100],"ix":3},"r":{"a":0,"k":0,"ix":6},"o":{"a":0,"k":100,"ix":7},"sk":{"a":0,"k":0,"ix":4},"sa":{"a":0,"k":0,"ix":5},"nm":"Transform"}],"nm":"Group 7","np":3,"cix":2,"bm":0,"ix":1,"mn":"ADBE Vector Group","hd":false},{"ty":"gr","it":[{"ind":0,"ty":"sh","ix":1,"ks":{"a":0,"k":{"i":[[31.436,0],[0,0],[0,31.436],[0,0],[-31.436,0],[0,0],[0,-31.436],[0,0]],"o":[[0,0],[-31.436,0],[0,0],[0,-31.436],[0,0],[31.436,0],[0,0],[0,31.436]],"v":[[2.122,89.342],[-2.122,89.342],[-59.042,32.422],[-59.042,-32.422],[-2.122,-89.342],[2.122,-89.342],[59.042,-32.422],[59.042,32.422]],"c":true},"ix":2},"nm":"Path 1","mn":"ADBE Vector Shape - Group","hd":false},{"ty":"st","c":{"a":0,"k":[0.137254908681,0.121568627656,0.1254902035,1],"ix":3},"o":{"a":0,"k":100,"ix":4},"w":{"a":0,"k":3,"ix":5},"lc":1,"lj":1,"ml":10,"bm":0,"nm":"Stroke 1","mn":"ADBE Vector Graphic - Stroke","hd":false},{"ty":"tm","s":{"a":1,"k":[{"i":{"x":[0.833],"y":[1]},"o":{"x":[0.713],"y":[0]},"t":4,"s":[0]},{"i":{"x":[0.833],"y":[1]},"o":{"x":[0.167],"y":[0]},"t":15,"s":[0]},{"i":{"x":[0.703],"y":[1]},"o":{"x":[0.167],"y":[0.167]},"t":16,"s":[100]},{"t":39,"s":[0]}],"ix":1},"e":{"a":1,"k":[{"i":{"x":[0.833],"y":[0.833]},"o":{"x":[0.713],"y":[0]},"t":4,"s":[41.5]},{"i":{"x":[0.833],"y":[1]},"o":{"x":[0.167],"y":[0]},"t":15,"s":[0]},{"i":{"x":[0.833],"y":[0.833]},"o":{"x":[0.167],"y":[0.167]},"t":16,"s":[100]},{"i":{"x":[0.667],"y":[1]},"o":{"x":[0.167],"y":[0.167]},"t":25,"s":[75]},{"t":39,"s":[41.5]}],"ix":2},"o":{"a":0,"k":0,"ix":3},"m":1,"ix":3,"nm":"Trim Paths 1","mn":"ADBE Vector Filter - Trim","hd":false},{"ty":"tr","p":{"a":0,"k":[1076.831,109.135],"ix":2},"a":{"a":0,"k":[0,0],"ix":1},"s":{"a":0,"k":[100,100],"ix":3},"r":{"a":0,"k":0,"ix":6},"o":{"a":0,"k":100,"ix":7},"sk":{"a":0,"k":0,"ix":4},"sa":{"a":0,"k":0,"ix":5},"nm":"Transform"}],"nm":"Group 8","np":3,"cix":2,"bm":0,"ix":2,"mn":"ADBE Vector Group","hd":false},{"ty":"gr","it":[{"ind":0,"ty":"sh","ix":1,"ks":{"a":0,"k":{"i":[[27.493,0],[0,0],[0,27.493],[0,0],[-27.493,0],[0,0],[0,-27.493],[0,0]],"o":[[0,0],[-27.493,0],[0,0],[0,-27.493],[0,0],[27.493,0],[0,0],[0,27.493]],"v":[[1.351,82.833],[-1.351,82.833],[-51.131,33.053],[-51.131,-33.053],[-1.351,-82.833],[1.351,-82.833],[51.131,-33.053],[51.131,33.053]],"c":true},"ix":2},"nm":"Path 1","mn":"ADBE Vector Shape - Group","hd":false},{"ty":"st","c":{"a":0,"k":[0.137254908681,0.121568627656,0.1254902035,1],"ix":3},"o":{"a":0,"k":100,"ix":4},"w":{"a":0,"k":3,"ix":5},"lc":1,"lj":1,"ml":10,"bm":0,"nm":"Stroke 1","mn":"ADBE Vector Graphic - Stroke","hd":false},{"ty":"tm","s":{"a":1,"k":[{"i":{"x":[0.833],"y":[1]},"o":{"x":[0.713],"y":[0]},"t":3,"s":[0]},{"i":{"x":[0.833],"y":[1]},"o":{"x":[0.167],"y":[0]},"t":14,"s":[0]},{"i":{"x":[0.703],"y":[1]},"o":{"x":[0.167],"y":[0.167]},"t":15,"s":[100]},{"t":38,"s":[0]}],"ix":1},"e":{"a":1,"k":[{"i":{"x":[0.833],"y":[0.833]},"o":{"x":[0.713],"y":[0]},"t":3,"s":[41.75]},{"i":{"x":[0.833],"y":[1]},"o":{"x":[0.167],"y":[0]},"t":14,"s":[0]},{"i":{"x":[0.833],"y":[0.833]},"o":{"x":[0.167],"y":[0.167]},"t":15,"s":[100]},{"i":{"x":[0.667],"y":[1]},"o":{"x":[0.167],"y":[0.167]},"t":24,"s":[75]},{"t":38,"s":[41.75]}],"ix":2},"o":{"a":0,"k":0,"ix":3},"m":1,"ix":3,"nm":"Trim Paths 1","mn":"ADBE Vector Filter - Trim","hd":false},{"ty":"tr","p":{"a":0,"k":[1076.831,109.135],"ix":2},"a":{"a":0,"k":[0,0],"ix":1},"s":{"a":0,"k":[100,100],"ix":3},"r":{"a":0,"k":0,"ix":6},"o":{"a":0,"k":100,"ix":7},"sk":{"a":0,"k":0,"ix":4},"sa":{"a":0,"k":0,"ix":5},"nm":"Transform"}],"nm":"Group 9","np":3,"cix":2,"bm":0,"ix":3,"mn":"ADBE Vector Group","hd":false},{"ty":"gr","it":[{"ind":0,"ty":"sh","ix":1,"ks":{"a":0,"k":{"i":[[23.624,0],[0,0],[0,23.624],[0,0],[-23.624,0],[0,0],[0,-23.624],[0,0]],"o":[[0,0],[-23.624,0],[0,0],[0,-23.624],[0,0],[23.624,0],[0,0],[0,23.624]],"v":[[1.358,76.776],[-1.358,76.776],[-44.133,34.001],[-44.133,-34.001],[-1.358,-76.776],[1.358,-76.776],[44.133,-34.001],[44.133,34.001]],"c":true},"ix":2},"nm":"Path 1","mn":"ADBE Vector Shape - Group","hd":false},{"ty":"st","c":{"a":0,"k":[0.137254908681,0.121568627656,0.1254902035,1],"ix":3},"o":{"a":0,"k":100,"ix":4},"w":{"a":0,"k":3,"ix":5},"lc":1,"lj":1,"ml":10,"bm":0,"nm":"Stroke 1","mn":"ADBE Vector Graphic - Stroke","hd":false},{"ty":"tm","s":{"a":1,"k":[{"i":{"x":[0.833],"y":[1]},"o":{"x":[0.713],"y":[0]},"t":2,"s":[0]},{"i":{"x":[0.833],"y":[1]},"o":{"x":[0.167],"y":[0]},"t":13,"s":[0]},{"i":{"x":[0.703],"y":[1]},"o":{"x":[0.167],"y":[0.167]},"t":14,"s":[100]},{"t":37,"s":[0]}],"ix":1},"e":{"a":1,"k":[{"i":{"x":[0.833],"y":[0.833]},"o":{"x":[0.713],"y":[0]},"t":2,"s":[42]},{"i":{"x":[0.833],"y":[1]},"o":{"x":[0.167],"y":[0]},"t":13,"s":[0]},{"i":{"x":[0.833],"y":[0.833]},"o":{"x":[0.167],"y":[0.167]},"t":14,"s":[100]},{"i":{"x":[0.667],"y":[1]},"o":{"x":[0.167],"y":[0.167]},"t":23,"s":[75]},{"t":37,"s":[42]}],"ix":2},"o":{"a":0,"k":0,"ix":3},"m":1,"ix":3,"nm":"Trim Paths 1","mn":"ADBE Vector Filter - Trim","hd":false},{"ty":"tr","p":{"a":0,"k":[1076.831,109.135],"ix":2},"a":{"a":0,"k":[0,0],"ix":1},"s":{"a":0,"k":[100,100],"ix":3},"r":{"a":0,"k":0,"ix":6},"o":{"a":0,"k":100,"ix":7},"sk":{"a":0,"k":0,"ix":4},"sa":{"a":0,"k":0,"ix":5},"nm":"Transform"}],"nm":"Group 10","np":3,"cix":2,"bm":0,"ix":4,"mn":"ADBE Vector Group","hd":false},{"ty":"gr","it":[{"ind":0,"ty":"sh","ix":1,"ks":{"a":0,"k":{"i":[[19.464,0],[0,0],[0,19.464],[0,0],[-19.464,0],[0,0],[0,-19.464],[0,0]],"o":[[0,0],[-19.464,0],[0,0],[0,-19.464],[0,0],[19.464,0],[0,0],[0,19.464]],"v":[[1.966,70.125],[-1.966,70.125],[-37.21,34.882],[-37.21,-34.882],[-1.966,-70.125],[1.966,-70.125],[37.21,-34.882],[37.21,34.882]],"c":true},"ix":2},"nm":"Path 1","mn":"ADBE Vector Shape - Group","hd":false},{"ty":"st","c":{"a":0,"k":[0.137254908681,0.121568627656,0.1254902035,1],"ix":3},"o":{"a":0,"k":100,"ix":4},"w":{"a":0,"k":3,"ix":5},"lc":1,"lj":1,"ml":10,"bm":0,"nm":"Stroke 1","mn":"ADBE Vector Graphic - Stroke","hd":false},{"ty":"tm","s":{"a":1,"k":[{"i":{"x":[0.833],"y":[1]},"o":{"x":[0.713],"y":[0]},"t":1,"s":[0]},{"i":{"x":[0.833],"y":[1]},"o":{"x":[0.167],"y":[0]},"t":12,"s":[0]},{"i":{"x":[0.703],"y":[1]},"o":{"x":[0.167],"y":[0.167]},"t":13,"s":[100]},{"t":36,"s":[0]}],"ix":1},"e":{"a":1,"k":[{"i":{"x":[0.833],"y":[0.833]},"o":{"x":[0.713],"y":[0]},"t":1,"s":[42.5]},{"i":{"x":[0.833],"y":[1]},"o":{"x":[0.167],"y":[0]},"t":12,"s":[0]},{"i":{"x":[0.833],"y":[0.833]},"o":{"x":[0.167],"y":[0.167]},"t":13,"s":[100]},{"i":{"x":[0.667],"y":[1]},"o":{"x":[0.167],"y":[0.167]},"t":22,"s":[75]},{"t":36,"s":[42.5]}],"ix":2},"o":{"a":0,"k":0,"ix":3},"m":1,"ix":3,"nm":"Trim Paths 1","mn":"ADBE Vector Filter - Trim","hd":false},{"ty":"tr","p":{"a":0,"k":[1076.831,109.135],"ix":2},"a":{"a":0,"k":[0,0],"ix":1},"s":{"a":0,"k":[100,100],"ix":3},"r":{"a":0,"k":0,"ix":6},"o":{"a":0,"k":100,"ix":7},"sk":{"a":0,"k":0,"ix":4},"sa":{"a":0,"k":0,"ix":5},"nm":"Transform"}],"nm":"Group 11","np":3,"cix":2,"bm":0,"ix":5,"mn":"ADBE Vector Group","hd":false},{"ty":"gr","it":[{"ind":0,"ty":"sh","ix":1,"ks":{"a":0,"k":{"i":[[15.822,0],[0,0],[0,15.822],[0,0],[-15.822,0],[0,0],[0,-15.822],[0,0]],"o":[[0,0],[-15.822,0],[0,0],[0,-15.822],[0,0],[15.822,0],[0,0],[0,15.822]],"v":[[1.643,63.693],[-1.643,63.693],[-30.291,35.045],[-30.291,-35.045],[-1.643,-63.693],[1.643,-63.693],[30.291,-35.045],[30.291,35.045]],"c":true},"ix":2},"nm":"Path 1","mn":"ADBE Vector Shape - Group","hd":false},{"ty":"st","c":{"a":0,"k":[0.137254908681,0.121568627656,0.1254902035,1],"ix":3},"o":{"a":0,"k":100,"ix":4},"w":{"a":0,"k":3,"ix":5},"lc":1,"lj":1,"ml":10,"bm":0,"nm":"Stroke 1","mn":"ADBE Vector Graphic - Stroke","hd":false},{"ty":"tm","s":{"a":1,"k":[{"i":{"x":[0.833],"y":[1]},"o":{"x":[0.713],"y":[0]},"t":0,"s":[0]},{"i":{"x":[0.833],"y":[1]},"o":{"x":[0.167],"y":[0]},"t":11,"s":[0]},{"i":{"x":[0.703],"y":[1]},"o":{"x":[0.167],"y":[0.167]},"t":12,"s":[100]},{"t":35,"s":[0]}],"ix":1},"e":{"a":1,"k":[{"i":{"x":[0.833],"y":[0.833]},"o":{"x":[0.713],"y":[0]},"t":0,"s":[43]},{"i":{"x":[0.833],"y":[1]},"o":{"x":[0.167],"y":[0]},"t":11,"s":[0]},{"i":{"x":[0.833],"y":[0.833]},"o":{"x":[0.167],"y":[0.167]},"t":12,"s":[100]},{"i":{"x":[0.667],"y":[1]},"o":{"x":[0.167],"y":[0.167]},"t":21,"s":[75]},{"t":35,"s":[43]}],"ix":2},"o":{"a":0,"k":0,"ix":3},"m":1,"ix":3,"nm":"Trim Paths 1","mn":"ADBE Vector Filter - Trim","hd":false},{"ty":"tr","p":{"a":0,"k":[1076.831,109.135],"ix":2},"a":{"a":0,"k":[0,0],"ix":1},"s":{"a":0,"k":[100,100],"ix":3},"r":{"a":0,"k":0,"ix":6},"o":{"a":0,"k":100,"ix":7},"sk":{"a":0,"k":0,"ix":4},"sa":{"a":0,"k":0,"ix":5},"nm":"Transform"}],"nm":"Group 12","np":3,"cix":2,"bm":0,"ix":6,"mn":"ADBE Vector Group","hd":false},{"ty":"tr","p":{"a":0,"k":[1076.831,109.135],"ix":2},"a":{"a":0,"k":[1076.831,109.135],"ix":1},"s":{"a":0,"k":[100,100],"ix":3},"r":{"a":0,"k":0,"ix":6},"o":{"a":0,"k":100,"ix":7},"sk":{"a":0,"k":0,"ix":4},"sa":{"a":0,"k":0,"ix":5},"nm":"Transform"}],"nm":"First 0 Lines","np":6,"cix":2,"bm":0,"ix":1,"mn":"ADBE Vector Group","hd":false},{"ty":"gr","it":[{"ty":"gr","it":[{"ind":0,"ty":"sh","ix":1,"ks":{"a":0,"k":{"i":[[0.038,5.025],[-27.752,14.608],[-19.311,-18.051],[11.845,-19.996],[0,0],[0,0],[0,0]],"o":[[-0.039,-5.025],[24.112,-12.692],[16.524,15.447],[-16.117,27.206],[0,0],[0,0],[0,0]],"v":[[-65.377,-20.877],[-37.404,-69.41],[34.198,-61.026],[41.798,5.766],[10.141,54.264],[-5.58,77.143],[65.379,77.143]],"c":false},"ix":2},"nm":"Path 1","mn":"ADBE Vector Shape - Group","hd":false},{"ty":"tm","s":{"a":1,"k":[{"i":{"x":[0.655],"y":[0.724]},"o":{"x":[0.297],"y":[0]},"t":5,"s":[0]},{"i":{"x":[0.818],"y":[0.732]},"o":{"x":[0.421],"y":[0.69]},"t":15,"s":[63]},{"t":27,"s":[100],"h":1},{"i":{"x":[0.255],"y":[1]},"o":{"x":[0.167],"y":[0]},"t":29,"s":[0]},{"t":45,"s":[0]}],"ix":1},"e":{"a":1,"k":[{"i":{"x":[0.833],"y":[0.833]},"o":{"x":[0.333],"y":[0]},"t":5,"s":[73]},{"i":{"x":[0.833],"y":[0.833]},"o":{"x":[0.167],"y":[0.167]},"t":11,"s":[75]},{"t":28,"s":[100],"h":1},{"i":{"x":[0.255],"y":[1]},"o":{"x":[0.167],"y":[0.167]},"t":29,"s":[0]},{"t":45,"s":[73]}],"ix":2},"o":{"a":0,"k":0,"ix":3},"m":1,"ix":2,"nm":"Trim Paths 1","mn":"ADBE Vector Filter - Trim","hd":false},{"ty":"st","c":{"a":0,"k":[0.137254908681,0.121568627656,0.1254902035,1],"ix":3},"o":{"a":0,"k":100,"ix":4},"w":{"a":0,"k":3,"ix":5},"lc":1,"lj":1,"ml":10,"bm":0,"nm":"Stroke 1","mn":"ADBE Vector Graphic - Stroke","hd":false},{"ty":"tr","p":{"a":0,"k":[934.158,92.667],"ix":2},"a":{"a":0,"k":[0,0],"ix":1},"s":{"a":0,"k":[100,100],"ix":3},"r":{"a":0,"k":0,"ix":6},"o":{"a":0,"k":100,"ix":7},"sk":{"a":0,"k":0,"ix":4},"sa":{"a":0,"k":0,"ix":5},"nm":"Transform"}],"nm":"Group 19","np":3,"cix":2,"bm":0,"ix":1,"mn":"ADBE Vector Group","hd":false},{"ty":"gr","it":[{"ind":0,"ty":"sh","ix":1,"ks":{"a":0,"k":{"i":[[0,7.89],[-18.583,12.289],[-14.573,-19.651],[9.549,-16.832],[0,0],[0,0],[0,0]],"o":[[0,-10.347],[20.651,-13.656],[12.171,16.412],[-7.576,13.355],[0,0],[0,0],[0,0]],"v":[[-61.941,-27.437],[-41.417,-68.16],[27.472,-60.218],[34.334,-7.325],[0.884,43.616],[-20.795,76.955],[61.941,76.955]],"c":false},"ix":2},"nm":"Path 1","mn":"ADBE Vector Shape - Group","hd":false},{"ty":"st","c":{"a":0,"k":[0.137254908681,0.121568627656,0.1254902035,1],"ix":3},"o":{"a":0,"k":100,"ix":4},"w":{"a":0,"k":3,"ix":5},"lc":1,"lj":1,"ml":10,"bm":0,"nm":"Stroke 1","mn":"ADBE Vector Graphic - Stroke","hd":false},{"ty":"tm","s":{"a":1,"k":[{"i":{"x":[0.659],"y":[0.665]},"o":{"x":[0.297],"y":[0]},"t":4,"s":[0]},{"i":{"x":[0.815],"y":[0.774]},"o":{"x":[0.425],"y":[0.602]},"t":15,"s":[59]},{"t":26,"s":[100],"h":1},{"i":{"x":[0.255],"y":[1]},"o":{"x":[0.167],"y":[0]},"t":28,"s":[0]},{"t":44,"s":[0]}],"ix":1},"e":{"a":1,"k":[{"i":{"x":[0.833],"y":[0.833]},"o":{"x":[0.333],"y":[0]},"t":4,"s":[66.5]},{"i":{"x":[0.833],"y":[0.833]},"o":{"x":[0.167],"y":[0.167]},"t":10,"s":[70]},{"t":27,"s":[100],"h":1},{"i":{"x":[0.255],"y":[1]},"o":{"x":[0.167],"y":[0.167]},"t":28,"s":[0]},{"t":44,"s":[66.5]}],"ix":2},"o":{"a":0,"k":0,"ix":3},"m":1,"ix":3,"nm":"Trim Paths 1","mn":"ADBE Vector Filter - Trim","hd":false},{"ty":"tr","p":{"a":0,"k":[937.596,99.227],"ix":2},"a":{"a":0,"k":[0,0],"ix":1},"s":{"a":0,"k":[100,100],"ix":3},"r":{"a":0,"k":0,"ix":6},"o":{"a":0,"k":100,"ix":7},"sk":{"a":0,"k":0,"ix":4},"sa":{"a":0,"k":0,"ix":5},"nm":"Transform"}],"nm":"Group 20","np":3,"cix":2,"bm":0,"ix":2,"mn":"ADBE Vector Group","hd":false},{"ty":"gr","it":[{"ind":0,"ty":"sh","ix":1,"ks":{"a":0,"k":{"i":[[-0.036,3.781],[-16.862,11.851],[-14.895,-13.18],[8.912,-15.044],[0,0],[0,0],[0,0]],"o":[[0.061,-6.456],[18.367,-12.909],[14.647,12.961],[-12.126,20.469],[0,0],[0,0],[0,0]],"v":[[-58.36,-34.287],[-40.63,-69.259],[15.656,-64.588],[21.97,-11.945],[-8.064,32.419],[-38.67,76.997],[58.36,76.995]],"c":false},"ix":2},"nm":"Path 1","mn":"ADBE Vector Shape - Group","hd":false},{"ty":"st","c":{"a":0,"k":[0.137254908681,0.121568627656,0.1254902035,1],"ix":3},"o":{"a":0,"k":100,"ix":4},"w":{"a":0,"k":3,"ix":5},"lc":1,"lj":1,"ml":10,"bm":0,"nm":"Stroke 1","mn":"ADBE Vector Graphic - Stroke","hd":false},{"ty":"tm","s":{"a":1,"k":[{"i":{"x":[0.664],"y":[0.591]},"o":{"x":[0.296],"y":[0]},"t":3,"s":[0]},{"i":{"x":[0.811],"y":[0.813]},"o":{"x":[0.428],"y":[0.51]},"t":15,"s":[54]},{"t":25,"s":[100],"h":1},{"i":{"x":[0.255],"y":[1]},"o":{"x":[0.167],"y":[0]},"t":27,"s":[0]},{"t":43,"s":[0]}],"ix":1},"e":{"a":1,"k":[{"i":{"x":[0.833],"y":[0.833]},"o":{"x":[0.333],"y":[0]},"t":3,"s":[58.75]},{"i":{"x":[0.833],"y":[0.833]},"o":{"x":[0.167],"y":[0.167]},"t":9,"s":[64]},{"t":26,"s":[100],"h":1},{"i":{"x":[0.255],"y":[1]},"o":{"x":[0.167],"y":[0.167]},"t":27,"s":[0]},{"t":43,"s":[58.75]}],"ix":2},"o":{"a":0,"k":0,"ix":3},"m":1,"ix":3,"nm":"Trim Paths 1","mn":"ADBE Vector Filter - Trim","hd":false},{"ty":"tr","p":{"a":0,"k":[941.178,106.076],"ix":2},"a":{"a":0,"k":[0,0],"ix":1},"s":{"a":0,"k":[100,100],"ix":3},"r":{"a":0,"k":0,"ix":6},"o":{"a":0,"k":100,"ix":7},"sk":{"a":0,"k":0,"ix":4},"sa":{"a":0,"k":0,"ix":5},"nm":"Transform"}],"nm":"Group 21","np":3,"cix":2,"bm":0,"ix":3,"mn":"ADBE Vector Group","hd":false},{"ty":"gr","it":[{"ind":0,"ty":"sh","ix":1,"ks":{"a":0,"k":{"i":[[0,5.936],[-13.981,9.246],[-10.965,-14.785],[7.371,-12.614],[0,0],[0,0],[0,0]],"o":[[0,-7.785],[15.537,-10.275],[9.157,12.348],[-5.828,9.974],[0,0],[0,0],[0,0]],"v":[[-54.281,-40.966],[-39.591,-70.852],[10.025,-64.086],[13.684,-24.29],[-18.359,22.535],[-55.36,77.171],[55.36,77.171]],"c":false},"ix":2},"nm":"Path 1","mn":"ADBE Vector Shape - Group","hd":false},{"ty":"st","c":{"a":0,"k":[0.137254908681,0.121568627656,0.1254902035,1],"ix":3},"o":{"a":0,"k":100,"ix":4},"w":{"a":0,"k":3,"ix":5},"lc":1,"lj":1,"ml":10,"bm":0,"nm":"Stroke 1","mn":"ADBE Vector Graphic - Stroke","hd":false},{"ty":"tm","s":{"a":1,"k":[{"i":{"x":[0.671],"y":[0.505]},"o":{"x":[0.296],"y":[0]},"t":2,"s":[0]},{"i":{"x":[0.807],"y":[0.845]},"o":{"x":[0.43],"y":[0.43]},"t":15,"s":[49]},{"t":24,"s":[100],"h":1},{"i":{"x":[0.255],"y":[1]},"o":{"x":[0.167],"y":[0]},"t":26,"s":[0]},{"t":42,"s":[0]}],"ix":1},"e":{"a":1,"k":[{"i":{"x":[0.833],"y":[0.833]},"o":{"x":[0.333],"y":[0]},"t":2,"s":[51.75]},{"i":{"x":[0.833],"y":[0.833]},"o":{"x":[0.167],"y":[0.167]},"t":8,"s":[60]},{"t":25,"s":[100],"h":1},{"i":{"x":[0.255],"y":[1]},"o":{"x":[0.167],"y":[0.167]},"t":26,"s":[0]},{"t":42,"s":[51.75]}],"ix":2},"o":{"a":0,"k":0,"ix":3},"m":1,"ix":3,"nm":"Trim Paths 1","mn":"ADBE Vector Filter - Trim","hd":false},{"ty":"tr","p":{"a":0,"k":[944.178,112.755],"ix":2},"a":{"a":0,"k":[0,0],"ix":1},"s":{"a":0,"k":[100,100],"ix":3},"r":{"a":0,"k":0,"ix":6},"o":{"a":0,"k":100,"ix":7},"sk":{"a":0,"k":0,"ix":4},"sa":{"a":0,"k":0,"ix":5},"nm":"Transform"}],"nm":"Group 22","np":3,"cix":2,"bm":0,"ix":4,"mn":"ADBE Vector Group","hd":false},{"ty":"gr","it":[{"ind":0,"ty":"sh","ix":1,"ks":{"a":0,"k":{"i":[[0.033,4.062],[-11.88,7.748],[-9.751,-9.115],[7.045,-11.034],[0,0],[0,0],[0,0]],"o":[[-0.063,-7.785],[12.62,-8.231],[8.344,7.8],[-8.593,13.459],[0,0],[0,0],[0,0]],"v":[[-40.408,-48.215],[-28.596,-72.366],[9.181,-69.231],[13.418,-33.9],[-17.156,10.992],[-62.14,77.459],[62.14,77.459]],"c":false},"ix":2},"nm":"Path 1","mn":"ADBE Vector Shape - Group","hd":false},{"ty":"st","c":{"a":0,"k":[0.137254908681,0.121568627656,0.1254902035,1],"ix":3},"o":{"a":0,"k":100,"ix":4},"w":{"a":0,"k":3,"ix":5},"lc":1,"lj":1,"ml":10,"bm":0,"nm":"Stroke 1","mn":"ADBE Vector Graphic - Stroke","hd":false},{"ty":"tm","s":{"a":1,"k":[{"i":{"x":[0.678],"y":[0.404]},"o":{"x":[0.297],"y":[0]},"t":1,"s":[0]},{"i":{"x":[0.801],"y":[0.871]},"o":{"x":[0.431],"y":[0.358]},"t":15,"s":[44]},{"t":23,"s":[100],"h":1},{"i":{"x":[0.255],"y":[1]},"o":{"x":[0.167],"y":[0]},"t":25,"s":[0]},{"t":41,"s":[0]}],"ix":1},"e":{"a":1,"k":[{"i":{"x":[0.833],"y":[0.833]},"o":{"x":[0.333],"y":[0]},"t":1,"s":[44.5]},{"i":{"x":[0.833],"y":[0.833]},"o":{"x":[0.167],"y":[0.167]},"t":7,"s":[55]},{"t":24,"s":[100],"h":1},{"i":{"x":[0.255],"y":[1]},"o":{"x":[0.167],"y":[0.167]},"t":25,"s":[0]},{"t":41,"s":[44.5]}],"ix":2},"o":{"a":0,"k":0,"ix":3},"m":1,"ix":3,"nm":"Trim Paths 1","mn":"ADBE Vector Filter - Trim","hd":false},{"ty":"tr","p":{"a":0,"k":[937.397,120.004],"ix":2},"a":{"a":0,"k":[0,0],"ix":1},"s":{"a":0,"k":[100,100],"ix":3},"r":{"a":0,"k":0,"ix":6},"o":{"a":0,"k":100,"ix":7},"sk":{"a":0,"k":0,"ix":4},"sa":{"a":0,"k":0,"ix":5},"nm":"Transform"}],"nm":"Group 23","np":3,"cix":2,"bm":0,"ix":5,"mn":"ADBE Vector Group","hd":false},{"ty":"gr","it":[{"ind":0,"ty":"sh","ix":1,"ks":{"a":0,"k":{"i":[[0,2.968],[-8.716,5.764],[-6.835,-9.217],[4.124,-7.624],[0,0],[0,0],[0,0],[0,0]],"o":[[0,-2.968],[9.686,-6.405],[5.708,7.698],[-3.427,6.334],[0,0],[0,0],[0,0],[0,0]],"v":[[-28.708,-55.195],[-19.959,-73.628],[10.348,-69.41],[12.628,-44.602],[-17.303,-0.049],[-67.461,73.18],[-67.461,77.567],[67.461,77.567]],"c":false},"ix":2},"nm":"Path 1","mn":"ADBE Vector Shape - Group","hd":false},{"ty":"st","c":{"a":0,"k":[0.137254908681,0.121568627656,0.1254902035,1],"ix":3},"o":{"a":0,"k":100,"ix":4},"w":{"a":0,"k":3,"ix":5},"lc":1,"lj":1,"ml":10,"bm":0,"nm":"Stroke 1","mn":"ADBE Vector Graphic - Stroke","hd":false},{"ty":"tm","s":{"a":1,"k":[{"i":{"x":[0.687],"y":[0.283]},"o":{"x":[0.298],"y":[0]},"t":0,"s":[0]},{"i":{"x":[0.795],"y":[0.893]},"o":{"x":[0.431],"y":[0.294]},"t":15,"s":[39]},{"t":22,"s":[100],"h":1},{"i":{"x":[0.255],"y":[1]},"o":{"x":[0.167],"y":[0]},"t":24,"s":[0]},{"t":40,"s":[0]}],"ix":1},"e":{"a":1,"k":[{"i":{"x":[0.833],"y":[0.833]},"o":{"x":[0.333],"y":[0]},"t":0,"s":[37.75]},{"i":{"x":[0.833],"y":[0.833]},"o":{"x":[0.167],"y":[0.167]},"t":6,"s":[51]},{"t":23,"s":[100],"h":1},{"i":{"x":[0.255],"y":[1]},"o":{"x":[0.167],"y":[0.167]},"t":24,"s":[0]},{"t":40,"s":[37.75]}],"ix":2},"o":{"a":0,"k":0,"ix":3},"m":1,"ix":3,"nm":"Trim Paths 1","mn":"ADBE Vector Filter - Trim","hd":false},{"ty":"tr","p":{"a":0,"k":[932.077,126.984],"ix":2},"a":{"a":0,"k":[0,0],"ix":1},"s":{"a":0,"k":[100,100],"ix":3},"r":{"a":0,"k":0,"ix":6},"o":{"a":0,"k":100,"ix":7},"sk":{"a":0,"k":0,"ix":4},"sa":{"a":0,"k":0,"ix":5},"nm":"Transform"}],"nm":"Group 24","np":3,"cix":2,"bm":0,"ix":6,"mn":"ADBE Vector Group","hd":false},{"ty":"tr","p":{"a":0,"k":[932.077,110.038],"ix":2},"a":{"a":0,"k":[932.077,110.038],"ix":1},"s":{"a":0,"k":[100,100],"ix":3},"r":{"a":0,"k":0,"ix":6},"o":{"a":0,"k":100,"ix":7},"sk":{"a":0,"k":0,"ix":4},"sa":{"a":0,"k":0,"ix":5},"nm":"Transform"}],"nm":"First 2 Lines","np":6,"cix":2,"bm":0,"ix":2,"mn":"ADBE Vector Group","hd":false},{"ty":"gr","it":[{"ty":"gr","it":[{"ind":0,"ty":"sh","ix":1,"ks":{"a":0,"k":{"i":[[35.658,0],[0,0],[0,35.658],[0,0],[-35.658,0],[0,0],[0,-35.658],[0,0]],"o":[[0,0],[-35.658,0],[0,0],[0,-35.658],[0,0],[35.658,0],[0,0],[0,35.658]],"v":[[1.191,96.099],[-1.191,96.099],[-65.755,31.534],[-65.755,-31.534],[-1.191,-96.099],[1.191,-96.099],[65.755,-31.534],[65.755,31.534]],"c":true},"ix":2},"nm":"Path 1","mn":"ADBE Vector Shape - Group","hd":false},{"ty":"st","c":{"a":0,"k":[0.137254908681,0.121568627656,0.1254902035,1],"ix":3},"o":{"a":0,"k":100,"ix":4},"w":{"a":0,"k":3,"ix":5},"lc":1,"lj":1,"ml":10,"bm":0,"nm":"Stroke 1","mn":"ADBE Vector Graphic - Stroke","hd":false},{"ty":"tm","s":{"a":1,"k":[{"i":{"x":[0.833],"y":[1]},"o":{"x":[0.713],"y":[0]},"t":11,"s":[0]},{"i":{"x":[0.833],"y":[1]},"o":{"x":[0.167],"y":[0]},"t":22,"s":[0]},{"i":{"x":[0.703],"y":[1]},"o":{"x":[0.167],"y":[0.167]},"t":23,"s":[100]},{"t":46,"s":[0]}],"ix":1},"e":{"a":1,"k":[{"i":{"x":[0.833],"y":[0.833]},"o":{"x":[0.713],"y":[0]},"t":11,"s":[41]},{"i":{"x":[0.833],"y":[1]},"o":{"x":[0.167],"y":[0]},"t":22,"s":[0]},{"i":{"x":[0.833],"y":[0.833]},"o":{"x":[0.167],"y":[0.167]},"t":23,"s":[100]},{"i":{"x":[0.667],"y":[1]},"o":{"x":[0.167],"y":[0.167]},"t":32,"s":[75]},{"t":46,"s":[41]}],"ix":2},"o":{"a":0,"k":0,"ix":3},"m":1,"ix":3,"nm":"Trim Paths 1","mn":"ADBE Vector Filter - Trim","hd":false},{"ty":"tr","p":{"a":0,"k":[1076.831,109.135],"ix":2},"a":{"a":0,"k":[0,0],"ix":1},"s":{"a":0,"k":[100,100],"ix":3},"r":{"a":0,"k":0,"ix":6},"o":{"a":0,"k":100,"ix":7},"sk":{"a":0,"k":0,"ix":4},"sa":{"a":0,"k":0,"ix":5},"nm":"Transform"}],"nm":"Group 7","np":3,"cix":2,"bm":0,"ix":1,"mn":"ADBE Vector Group","hd":false},{"ty":"gr","it":[{"ind":0,"ty":"sh","ix":1,"ks":{"a":0,"k":{"i":[[31.436,0],[0,0],[0,31.436],[0,0],[-31.436,0],[0,0],[0,-31.436],[0,0]],"o":[[0,0],[-31.436,0],[0,0],[0,-31.436],[0,0],[31.436,0],[0,0],[0,31.436]],"v":[[2.122,89.342],[-2.122,89.342],[-59.042,32.422],[-59.042,-32.422],[-2.122,-89.342],[2.122,-89.342],[59.042,-32.422],[59.042,32.422]],"c":true},"ix":2},"nm":"Path 1","mn":"ADBE Vector Shape - Group","hd":false},{"ty":"st","c":{"a":0,"k":[0.137254908681,0.121568627656,0.1254902035,1],"ix":3},"o":{"a":0,"k":100,"ix":4},"w":{"a":0,"k":3,"ix":5},"lc":1,"lj":1,"ml":10,"bm":0,"nm":"Stroke 1","mn":"ADBE Vector Graphic - Stroke","hd":false},{"ty":"tm","s":{"a":1,"k":[{"i":{"x":[0.833],"y":[1]},"o":{"x":[0.713],"y":[0]},"t":10,"s":[0]},{"i":{"x":[0.833],"y":[1]},"o":{"x":[0.167],"y":[0]},"t":21,"s":[0]},{"i":{"x":[0.703],"y":[1]},"o":{"x":[0.167],"y":[0.167]},"t":22,"s":[100]},{"t":45,"s":[0]}],"ix":1},"e":{"a":1,"k":[{"i":{"x":[0.833],"y":[0.833]},"o":{"x":[0.713],"y":[0]},"t":10,"s":[41.5]},{"i":{"x":[0.833],"y":[1]},"o":{"x":[0.167],"y":[0]},"t":21,"s":[0]},{"i":{"x":[0.833],"y":[0.833]},"o":{"x":[0.167],"y":[0.167]},"t":22,"s":[100]},{"i":{"x":[0.667],"y":[1]},"o":{"x":[0.167],"y":[0.167]},"t":31,"s":[75]},{"t":45,"s":[41.5]}],"ix":2},"o":{"a":0,"k":0,"ix":3},"m":1,"ix":3,"nm":"Trim Paths 1","mn":"ADBE Vector Filter - Trim","hd":false},{"ty":"tr","p":{"a":0,"k":[1076.831,109.135],"ix":2},"a":{"a":0,"k":[0,0],"ix":1},"s":{"a":0,"k":[100,100],"ix":3},"r":{"a":0,"k":0,"ix":6},"o":{"a":0,"k":100,"ix":7},"sk":{"a":0,"k":0,"ix":4},"sa":{"a":0,"k":0,"ix":5},"nm":"Transform"}],"nm":"Group 8","np":3,"cix":2,"bm":0,"ix":2,"mn":"ADBE Vector Group","hd":false},{"ty":"gr","it":[{"ind":0,"ty":"sh","ix":1,"ks":{"a":0,"k":{"i":[[27.493,0],[0,0],[0,27.493],[0,0],[-27.493,0],[0,0],[0,-27.493],[0,0]],"o":[[0,0],[-27.493,0],[0,0],[0,-27.493],[0,0],[27.493,0],[0,0],[0,27.493]],"v":[[1.351,82.833],[-1.351,82.833],[-51.131,33.053],[-51.131,-33.053],[-1.351,-82.833],[1.351,-82.833],[51.131,-33.053],[51.131,33.053]],"c":true},"ix":2},"nm":"Path 1","mn":"ADBE Vector Shape - Group","hd":false},{"ty":"st","c":{"a":0,"k":[0.137254908681,0.121568627656,0.1254902035,1],"ix":3},"o":{"a":0,"k":100,"ix":4},"w":{"a":0,"k":3,"ix":5},"lc":1,"lj":1,"ml":10,"bm":0,"nm":"Stroke 1","mn":"ADBE Vector Graphic - Stroke","hd":false},{"ty":"tm","s":{"a":1,"k":[{"i":{"x":[0.833],"y":[1]},"o":{"x":[0.713],"y":[0]},"t":9,"s":[0]},{"i":{"x":[0.833],"y":[1]},"o":{"x":[0.167],"y":[0]},"t":20,"s":[0]},{"i":{"x":[0.703],"y":[1]},"o":{"x":[0.167],"y":[0.167]},"t":21,"s":[100]},{"t":44,"s":[0]}],"ix":1},"e":{"a":1,"k":[{"i":{"x":[0.833],"y":[0.833]},"o":{"x":[0.713],"y":[0]},"t":9,"s":[41.75]},{"i":{"x":[0.833],"y":[1]},"o":{"x":[0.167],"y":[0]},"t":20,"s":[0]},{"i":{"x":[0.833],"y":[0.833]},"o":{"x":[0.167],"y":[0.167]},"t":21,"s":[100]},{"i":{"x":[0.667],"y":[1]},"o":{"x":[0.167],"y":[0.167]},"t":30,"s":[75]},{"t":44,"s":[41.75]}],"ix":2},"o":{"a":0,"k":0,"ix":3},"m":1,"ix":3,"nm":"Trim Paths 1","mn":"ADBE Vector Filter - Trim","hd":false},{"ty":"tr","p":{"a":0,"k":[1076.831,109.135],"ix":2},"a":{"a":0,"k":[0,0],"ix":1},"s":{"a":0,"k":[100,100],"ix":3},"r":{"a":0,"k":0,"ix":6},"o":{"a":0,"k":100,"ix":7},"sk":{"a":0,"k":0,"ix":4},"sa":{"a":0,"k":0,"ix":5},"nm":"Transform"}],"nm":"Group 9","np":3,"cix":2,"bm":0,"ix":3,"mn":"ADBE Vector Group","hd":false},{"ty":"gr","it":[{"ind":0,"ty":"sh","ix":1,"ks":{"a":0,"k":{"i":[[23.624,0],[0,0],[0,23.624],[0,0],[-23.624,0],[0,0],[0,-23.624],[0,0]],"o":[[0,0],[-23.624,0],[0,0],[0,-23.624],[0,0],[23.624,0],[0,0],[0,23.624]],"v":[[1.358,76.776],[-1.358,76.776],[-44.133,34.001],[-44.133,-34.001],[-1.358,-76.776],[1.358,-76.776],[44.133,-34.001],[44.133,34.001]],"c":true},"ix":2},"nm":"Path 1","mn":"ADBE Vector Shape - Group","hd":false},{"ty":"st","c":{"a":0,"k":[0.137254908681,0.121568627656,0.1254902035,1],"ix":3},"o":{"a":0,"k":100,"ix":4},"w":{"a":0,"k":3,"ix":5},"lc":1,"lj":1,"ml":10,"bm":0,"nm":"Stroke 1","mn":"ADBE Vector Graphic - Stroke","hd":false},{"ty":"tm","s":{"a":1,"k":[{"i":{"x":[0.833],"y":[1]},"o":{"x":[0.713],"y":[0]},"t":8,"s":[0]},{"i":{"x":[0.833],"y":[1]},"o":{"x":[0.167],"y":[0]},"t":19,"s":[0]},{"i":{"x":[0.703],"y":[1]},"o":{"x":[0.167],"y":[0.167]},"t":20,"s":[100]},{"t":43,"s":[0]}],"ix":1},"e":{"a":1,"k":[{"i":{"x":[0.833],"y":[0.833]},"o":{"x":[0.713],"y":[0]},"t":8,"s":[42]},{"i":{"x":[0.833],"y":[1]},"o":{"x":[0.167],"y":[0]},"t":19,"s":[0]},{"i":{"x":[0.833],"y":[0.833]},"o":{"x":[0.167],"y":[0.167]},"t":20,"s":[100]},{"i":{"x":[0.667],"y":[1]},"o":{"x":[0.167],"y":[0.167]},"t":29,"s":[75]},{"t":43,"s":[42]}],"ix":2},"o":{"a":0,"k":0,"ix":3},"m":1,"ix":3,"nm":"Trim Paths 1","mn":"ADBE Vector Filter - Trim","hd":false},{"ty":"tr","p":{"a":0,"k":[1076.831,109.135],"ix":2},"a":{"a":0,"k":[0,0],"ix":1},"s":{"a":0,"k":[100,100],"ix":3},"r":{"a":0,"k":0,"ix":6},"o":{"a":0,"k":100,"ix":7},"sk":{"a":0,"k":0,"ix":4},"sa":{"a":0,"k":0,"ix":5},"nm":"Transform"}],"nm":"Group 10","np":3,"cix":2,"bm":0,"ix":4,"mn":"ADBE Vector Group","hd":false},{"ty":"gr","it":[{"ind":0,"ty":"sh","ix":1,"ks":{"a":0,"k":{"i":[[19.464,0],[0,0],[0,19.464],[0,0],[-19.464,0],[0,0],[0,-19.464],[0,0]],"o":[[0,0],[-19.464,0],[0,0],[0,-19.464],[0,0],[19.464,0],[0,0],[0,19.464]],"v":[[1.966,70.125],[-1.966,70.125],[-37.21,34.882],[-37.21,-34.882],[-1.966,-70.125],[1.966,-70.125],[37.21,-34.882],[37.21,34.882]],"c":true},"ix":2},"nm":"Path 1","mn":"ADBE Vector Shape - Group","hd":false},{"ty":"st","c":{"a":0,"k":[0.137254908681,0.121568627656,0.1254902035,1],"ix":3},"o":{"a":0,"k":100,"ix":4},"w":{"a":0,"k":3,"ix":5},"lc":1,"lj":1,"ml":10,"bm":0,"nm":"Stroke 1","mn":"ADBE Vector Graphic - Stroke","hd":false},{"ty":"tm","s":{"a":1,"k":[{"i":{"x":[0.833],"y":[1]},"o":{"x":[0.713],"y":[0]},"t":7,"s":[0]},{"i":{"x":[0.833],"y":[1]},"o":{"x":[0.167],"y":[0]},"t":18,"s":[0]},{"i":{"x":[0.703],"y":[1]},"o":{"x":[0.167],"y":[0.167]},"t":19,"s":[100]},{"t":42,"s":[0]}],"ix":1},"e":{"a":1,"k":[{"i":{"x":[0.833],"y":[0.833]},"o":{"x":[0.713],"y":[0]},"t":7,"s":[42.5]},{"i":{"x":[0.833],"y":[1]},"o":{"x":[0.167],"y":[0]},"t":18,"s":[0]},{"i":{"x":[0.833],"y":[0.833]},"o":{"x":[0.167],"y":[0.167]},"t":19,"s":[100]},{"i":{"x":[0.667],"y":[1]},"o":{"x":[0.167],"y":[0.167]},"t":28,"s":[75]},{"t":42,"s":[42.5]}],"ix":2},"o":{"a":0,"k":0,"ix":3},"m":1,"ix":3,"nm":"Trim Paths 1","mn":"ADBE Vector Filter - Trim","hd":false},{"ty":"tr","p":{"a":0,"k":[1076.831,109.135],"ix":2},"a":{"a":0,"k":[0,0],"ix":1},"s":{"a":0,"k":[100,100],"ix":3},"r":{"a":0,"k":0,"ix":6},"o":{"a":0,"k":100,"ix":7},"sk":{"a":0,"k":0,"ix":4},"sa":{"a":0,"k":0,"ix":5},"nm":"Transform"}],"nm":"Group 11","np":3,"cix":2,"bm":0,"ix":5,"mn":"ADBE Vector Group","hd":false},{"ty":"gr","it":[{"ind":0,"ty":"sh","ix":1,"ks":{"a":0,"k":{"i":[[15.822,0],[0,0],[0,15.822],[0,0],[-15.822,0],[0,0],[0,-15.822],[0,0]],"o":[[0,0],[-15.822,0],[0,0],[0,-15.822],[0,0],[15.822,0],[0,0],[0,15.822]],"v":[[1.643,63.693],[-1.643,63.693],[-30.291,35.045],[-30.291,-35.045],[-1.643,-63.693],[1.643,-63.693],[30.291,-35.045],[30.291,35.045]],"c":true},"ix":2},"nm":"Path 1","mn":"ADBE Vector Shape - Group","hd":false},{"ty":"st","c":{"a":0,"k":[0.137254908681,0.121568627656,0.1254902035,1],"ix":3},"o":{"a":0,"k":100,"ix":4},"w":{"a":0,"k":3,"ix":5},"lc":1,"lj":1,"ml":10,"bm":0,"nm":"Stroke 1","mn":"ADBE Vector Graphic - Stroke","hd":false},{"ty":"tm","s":{"a":1,"k":[{"i":{"x":[0.833],"y":[1]},"o":{"x":[0.713],"y":[0]},"t":6,"s":[0]},{"i":{"x":[0.833],"y":[1]},"o":{"x":[0.167],"y":[0]},"t":17,"s":[0]},{"i":{"x":[0.703],"y":[1]},"o":{"x":[0.167],"y":[0.167]},"t":18,"s":[100]},{"t":41,"s":[0]}],"ix":1},"e":{"a":1,"k":[{"i":{"x":[0.833],"y":[0.833]},"o":{"x":[0.713],"y":[0]},"t":6,"s":[43]},{"i":{"x":[0.833],"y":[1]},"o":{"x":[0.167],"y":[0]},"t":17,"s":[0]},{"i":{"x":[0.833],"y":[0.833]},"o":{"x":[0.167],"y":[0.167]},"t":18,"s":[100]},{"i":{"x":[0.667],"y":[1]},"o":{"x":[0.167],"y":[0.167]},"t":27,"s":[75]},{"t":41,"s":[43]}],"ix":2},"o":{"a":0,"k":0,"ix":3},"m":1,"ix":3,"nm":"Trim Paths 1","mn":"ADBE Vector Filter - Trim","hd":false},{"ty":"tr","p":{"a":0,"k":[1076.831,109.135],"ix":2},"a":{"a":0,"k":[0,0],"ix":1},"s":{"a":0,"k":[100,100],"ix":3},"r":{"a":0,"k":0,"ix":6},"o":{"a":0,"k":100,"ix":7},"sk":{"a":0,"k":0,"ix":4},"sa":{"a":0,"k":0,"ix":5},"nm":"Transform"}],"nm":"Group 12","np":3,"cix":2,"bm":0,"ix":6,"mn":"ADBE Vector Group","hd":false},{"ty":"tr","p":{"a":0,"k":[1374.831,109.135],"ix":2},"a":{"a":0,"k":[1076.831,109.135],"ix":1},"s":{"a":0,"k":[100,100],"ix":3},"r":{"a":0,"k":0,"ix":6},"o":{"a":0,"k":100,"ix":7},"sk":{"a":0,"k":0,"ix":4},"sa":{"a":0,"k":0,"ix":5},"nm":"Transform"}],"nm":"Second 0 Lines","np":6,"cix":2,"bm":0,"ix":3,"mn":"ADBE Vector Group","hd":false},{"ty":"gr","it":[{"ty":"gr","it":[{"ind":0,"ty":"sh","ix":1,"ks":{"a":0,"k":{"i":[[0.038,5.025],[-27.752,14.608],[-19.311,-18.051],[11.845,-19.996],[0,0],[0,0],[0,0]],"o":[[-0.039,-5.025],[24.112,-12.692],[16.524,15.447],[-16.117,27.206],[0,0],[0,0],[0,0]],"v":[[-65.377,-20.877],[-37.404,-69.41],[34.198,-61.026],[41.798,5.766],[10.141,54.264],[-5.58,77.143],[65.379,77.143]],"c":false},"ix":2},"nm":"Path 1","mn":"ADBE Vector Shape - Group","hd":false},{"ty":"tm","s":{"a":1,"k":[{"i":{"x":[0.655],"y":[0.724]},"o":{"x":[0.297],"y":[0]},"t":11,"s":[0]},{"i":{"x":[0.818],"y":[0.732]},"o":{"x":[0.421],"y":[0.69]},"t":21,"s":[63]},{"t":33,"s":[100],"h":1},{"i":{"x":[0.255],"y":[1]},"o":{"x":[0.167],"y":[0]},"t":35,"s":[0]},{"t":51,"s":[0]}],"ix":1},"e":{"a":1,"k":[{"i":{"x":[0.833],"y":[0.833]},"o":{"x":[0.333],"y":[0]},"t":11,"s":[73]},{"i":{"x":[0.833],"y":[0.833]},"o":{"x":[0.167],"y":[0.167]},"t":17,"s":[75]},{"t":34,"s":[100],"h":1},{"i":{"x":[0.255],"y":[1]},"o":{"x":[0.167],"y":[0.167]},"t":35,"s":[0]},{"t":51,"s":[73]}],"ix":2},"o":{"a":0,"k":0,"ix":3},"m":1,"ix":2,"nm":"Trim Paths 1","mn":"ADBE Vector Filter - Trim","hd":false},{"ty":"st","c":{"a":0,"k":[0.137254908681,0.121568627656,0.1254902035,1],"ix":3},"o":{"a":0,"k":100,"ix":4},"w":{"a":0,"k":3,"ix":5},"lc":1,"lj":1,"ml":10,"bm":0,"nm":"Stroke 1","mn":"ADBE Vector Graphic - Stroke","hd":false},{"ty":"tr","p":{"a":0,"k":[934.158,92.667],"ix":2},"a":{"a":0,"k":[0,0],"ix":1},"s":{"a":0,"k":[100,100],"ix":3},"r":{"a":0,"k":0,"ix":6},"o":{"a":0,"k":100,"ix":7},"sk":{"a":0,"k":0,"ix":4},"sa":{"a":0,"k":0,"ix":5},"nm":"Transform"}],"nm":"Group 19","np":3,"cix":2,"bm":0,"ix":1,"mn":"ADBE Vector Group","hd":false},{"ty":"gr","it":[{"ind":0,"ty":"sh","ix":1,"ks":{"a":0,"k":{"i":[[0,7.89],[-18.583,12.289],[-14.573,-19.651],[9.549,-16.832],[0,0],[0,0],[0,0]],"o":[[0,-10.347],[20.651,-13.656],[12.171,16.412],[-7.576,13.355],[0,0],[0,0],[0,0]],"v":[[-61.941,-27.437],[-41.417,-68.16],[27.472,-60.218],[34.334,-7.325],[0.884,43.616],[-20.795,76.955],[61.941,76.955]],"c":false},"ix":2},"nm":"Path 1","mn":"ADBE Vector Shape - Group","hd":false},{"ty":"st","c":{"a":0,"k":[0.137254908681,0.121568627656,0.1254902035,1],"ix":3},"o":{"a":0,"k":100,"ix":4},"w":{"a":0,"k":3,"ix":5},"lc":1,"lj":1,"ml":10,"bm":0,"nm":"Stroke 1","mn":"ADBE Vector Graphic - Stroke","hd":false},{"ty":"tm","s":{"a":1,"k":[{"i":{"x":[0.659],"y":[0.665]},"o":{"x":[0.297],"y":[0]},"t":10,"s":[0]},{"i":{"x":[0.815],"y":[0.774]},"o":{"x":[0.425],"y":[0.602]},"t":21,"s":[59]},{"t":32,"s":[100],"h":1},{"i":{"x":[0.255],"y":[1]},"o":{"x":[0.167],"y":[0]},"t":34,"s":[0]},{"t":50,"s":[0]}],"ix":1},"e":{"a":1,"k":[{"i":{"x":[0.833],"y":[0.833]},"o":{"x":[0.333],"y":[0]},"t":10,"s":[66.5]},{"i":{"x":[0.833],"y":[0.833]},"o":{"x":[0.167],"y":[0.167]},"t":16,"s":[70]},{"t":33,"s":[100],"h":1},{"i":{"x":[0.255],"y":[1]},"o":{"x":[0.167],"y":[0.167]},"t":34,"s":[0]},{"t":50,"s":[66.5]}],"ix":2},"o":{"a":0,"k":0,"ix":3},"m":1,"ix":3,"nm":"Trim Paths 1","mn":"ADBE Vector Filter - Trim","hd":false},{"ty":"tr","p":{"a":0,"k":[937.596,99.227],"ix":2},"a":{"a":0,"k":[0,0],"ix":1},"s":{"a":0,"k":[100,100],"ix":3},"r":{"a":0,"k":0,"ix":6},"o":{"a":0,"k":100,"ix":7},"sk":{"a":0,"k":0,"ix":4},"sa":{"a":0,"k":0,"ix":5},"nm":"Transform"}],"nm":"Group 20","np":3,"cix":2,"bm":0,"ix":2,"mn":"ADBE Vector Group","hd":false},{"ty":"gr","it":[{"ind":0,"ty":"sh","ix":1,"ks":{"a":0,"k":{"i":[[-0.036,3.781],[-16.862,11.851],[-14.895,-13.18],[8.912,-15.044],[0,0],[0,0],[0,0]],"o":[[0.061,-6.456],[18.367,-12.909],[14.647,12.961],[-12.126,20.469],[0,0],[0,0],[0,0]],"v":[[-58.36,-34.287],[-40.63,-69.259],[15.656,-64.588],[21.97,-11.945],[-8.064,32.419],[-38.67,76.997],[58.36,76.995]],"c":false},"ix":2},"nm":"Path 1","mn":"ADBE Vector Shape - Group","hd":false},{"ty":"st","c":{"a":0,"k":[0.137254908681,0.121568627656,0.1254902035,1],"ix":3},"o":{"a":0,"k":100,"ix":4},"w":{"a":0,"k":3,"ix":5},"lc":1,"lj":1,"ml":10,"bm":0,"nm":"Stroke 1","mn":"ADBE Vector Graphic - Stroke","hd":false},{"ty":"tm","s":{"a":1,"k":[{"i":{"x":[0.664],"y":[0.591]},"o":{"x":[0.296],"y":[0]},"t":9,"s":[0]},{"i":{"x":[0.811],"y":[0.813]},"o":{"x":[0.428],"y":[0.51]},"t":21,"s":[54]},{"t":31,"s":[100],"h":1},{"i":{"x":[0.255],"y":[1]},"o":{"x":[0.167],"y":[0]},"t":33,"s":[0]},{"t":49,"s":[0]}],"ix":1},"e":{"a":1,"k":[{"i":{"x":[0.833],"y":[0.833]},"o":{"x":[0.333],"y":[0]},"t":9,"s":[58.75]},{"i":{"x":[0.833],"y":[0.833]},"o":{"x":[0.167],"y":[0.167]},"t":15,"s":[64]},{"t":32,"s":[100],"h":1},{"i":{"x":[0.255],"y":[1]},"o":{"x":[0.167],"y":[0.167]},"t":33,"s":[0]},{"t":49,"s":[58.75]}],"ix":2},"o":{"a":0,"k":0,"ix":3},"m":1,"ix":3,"nm":"Trim Paths 1","mn":"ADBE Vector Filter - Trim","hd":false},{"ty":"tr","p":{"a":0,"k":[941.178,106.076],"ix":2},"a":{"a":0,"k":[0,0],"ix":1},"s":{"a":0,"k":[100,100],"ix":3},"r":{"a":0,"k":0,"ix":6},"o":{"a":0,"k":100,"ix":7},"sk":{"a":0,"k":0,"ix":4},"sa":{"a":0,"k":0,"ix":5},"nm":"Transform"}],"nm":"Group 21","np":3,"cix":2,"bm":0,"ix":3,"mn":"ADBE Vector Group","hd":false},{"ty":"gr","it":[{"ind":0,"ty":"sh","ix":1,"ks":{"a":0,"k":{"i":[[0,5.936],[-13.981,9.246],[-10.965,-14.785],[7.371,-12.614],[0,0],[0,0],[0,0]],"o":[[0,-7.785],[15.537,-10.275],[9.157,12.348],[-5.828,9.974],[0,0],[0,0],[0,0]],"v":[[-54.281,-40.966],[-39.591,-70.852],[10.025,-64.086],[13.684,-24.29],[-18.359,22.535],[-55.36,77.171],[55.36,77.171]],"c":false},"ix":2},"nm":"Path 1","mn":"ADBE Vector Shape - Group","hd":false},{"ty":"st","c":{"a":0,"k":[0.137254908681,0.121568627656,0.1254902035,1],"ix":3},"o":{"a":0,"k":100,"ix":4},"w":{"a":0,"k":3,"ix":5},"lc":1,"lj":1,"ml":10,"bm":0,"nm":"Stroke 1","mn":"ADBE Vector Graphic - Stroke","hd":false},{"ty":"tm","s":{"a":1,"k":[{"i":{"x":[0.671],"y":[0.505]},"o":{"x":[0.296],"y":[0]},"t":8,"s":[0]},{"i":{"x":[0.807],"y":[0.845]},"o":{"x":[0.43],"y":[0.43]},"t":21,"s":[49]},{"t":30,"s":[100],"h":1},{"i":{"x":[0.255],"y":[1]},"o":{"x":[0.167],"y":[0]},"t":32,"s":[0]},{"t":48,"s":[0]}],"ix":1},"e":{"a":1,"k":[{"i":{"x":[0.833],"y":[0.833]},"o":{"x":[0.333],"y":[0]},"t":8,"s":[51.75]},{"i":{"x":[0.833],"y":[0.833]},"o":{"x":[0.167],"y":[0.167]},"t":14,"s":[60]},{"t":31,"s":[100],"h":1},{"i":{"x":[0.255],"y":[1]},"o":{"x":[0.167],"y":[0.167]},"t":32,"s":[0]},{"t":48,"s":[51.75]}],"ix":2},"o":{"a":0,"k":0,"ix":3},"m":1,"ix":3,"nm":"Trim Paths 1","mn":"ADBE Vector Filter - Trim","hd":false},{"ty":"tr","p":{"a":0,"k":[944.178,112.755],"ix":2},"a":{"a":0,"k":[0,0],"ix":1},"s":{"a":0,"k":[100,100],"ix":3},"r":{"a":0,"k":0,"ix":6},"o":{"a":0,"k":100,"ix":7},"sk":{"a":0,"k":0,"ix":4},"sa":{"a":0,"k":0,"ix":5},"nm":"Transform"}],"nm":"Group 22","np":3,"cix":2,"bm":0,"ix":4,"mn":"ADBE Vector Group","hd":false},{"ty":"gr","it":[{"ind":0,"ty":"sh","ix":1,"ks":{"a":0,"k":{"i":[[0.033,4.062],[-11.88,7.748],[-9.751,-9.115],[7.045,-11.034],[0,0],[0,0],[0,0]],"o":[[-0.063,-7.785],[12.62,-8.231],[8.344,7.8],[-8.593,13.459],[0,0],[0,0],[0,0]],"v":[[-40.408,-48.215],[-28.596,-72.366],[9.181,-69.231],[13.418,-33.9],[-17.156,10.992],[-62.14,77.459],[62.14,77.459]],"c":false},"ix":2},"nm":"Path 1","mn":"ADBE Vector Shape - Group","hd":false},{"ty":"st","c":{"a":0,"k":[0.137254908681,0.121568627656,0.1254902035,1],"ix":3},"o":{"a":0,"k":100,"ix":4},"w":{"a":0,"k":3,"ix":5},"lc":1,"lj":1,"ml":10,"bm":0,"nm":"Stroke 1","mn":"ADBE Vector Graphic - Stroke","hd":false},{"ty":"tm","s":{"a":1,"k":[{"i":{"x":[0.678],"y":[0.404]},"o":{"x":[0.297],"y":[0]},"t":7,"s":[0]},{"i":{"x":[0.801],"y":[0.871]},"o":{"x":[0.431],"y":[0.358]},"t":21,"s":[44]},{"t":29,"s":[100],"h":1},{"i":{"x":[0.255],"y":[1]},"o":{"x":[0.167],"y":[0]},"t":31,"s":[0]},{"t":47,"s":[0]}],"ix":1},"e":{"a":1,"k":[{"i":{"x":[0.833],"y":[0.833]},"o":{"x":[0.333],"y":[0]},"t":7,"s":[44.5]},{"i":{"x":[0.833],"y":[0.833]},"o":{"x":[0.167],"y":[0.167]},"t":13,"s":[55]},{"t":30,"s":[100],"h":1},{"i":{"x":[0.255],"y":[1]},"o":{"x":[0.167],"y":[0.167]},"t":31,"s":[0]},{"t":47,"s":[44.5]}],"ix":2},"o":{"a":0,"k":0,"ix":3},"m":1,"ix":3,"nm":"Trim Paths 1","mn":"ADBE Vector Filter - Trim","hd":false},{"ty":"tr","p":{"a":0,"k":[937.397,120.004],"ix":2},"a":{"a":0,"k":[0,0],"ix":1},"s":{"a":0,"k":[100,100],"ix":3},"r":{"a":0,"k":0,"ix":6},"o":{"a":0,"k":100,"ix":7},"sk":{"a":0,"k":0,"ix":4},"sa":{"a":0,"k":0,"ix":5},"nm":"Transform"}],"nm":"Group 23","np":3,"cix":2,"bm":0,"ix":5,"mn":"ADBE Vector Group","hd":false},{"ty":"gr","it":[{"ind":0,"ty":"sh","ix":1,"ks":{"a":0,"k":{"i":[[0,2.968],[-8.716,5.764],[-6.835,-9.217],[4.124,-7.624],[0,0],[0,0],[0,0],[0,0]],"o":[[0,-2.968],[9.686,-6.405],[5.708,7.698],[-3.427,6.334],[0,0],[0,0],[0,0],[0,0]],"v":[[-28.708,-55.195],[-19.959,-73.628],[10.348,-69.41],[12.628,-44.602],[-17.303,-0.049],[-67.461,73.18],[-67.461,77.567],[67.461,77.567]],"c":false},"ix":2},"nm":"Path 1","mn":"ADBE Vector Shape - Group","hd":false},{"ty":"st","c":{"a":0,"k":[0.137254908681,0.121568627656,0.1254902035,1],"ix":3},"o":{"a":0,"k":100,"ix":4},"w":{"a":0,"k":3,"ix":5},"lc":1,"lj":1,"ml":10,"bm":0,"nm":"Stroke 1","mn":"ADBE Vector Graphic - Stroke","hd":false},{"ty":"tm","s":{"a":1,"k":[{"i":{"x":[0.687],"y":[0.283]},"o":{"x":[0.298],"y":[0]},"t":6,"s":[0]},{"i":{"x":[0.795],"y":[0.893]},"o":{"x":[0.431],"y":[0.294]},"t":21,"s":[39]},{"t":28,"s":[100],"h":1},{"i":{"x":[0.255],"y":[1]},"o":{"x":[0.167],"y":[0]},"t":30,"s":[0]},{"t":46,"s":[0]}],"ix":1},"e":{"a":1,"k":[{"i":{"x":[0.833],"y":[0.833]},"o":{"x":[0.333],"y":[0]},"t":6,"s":[37.75]},{"i":{"x":[0.833],"y":[0.833]},"o":{"x":[0.167],"y":[0.167]},"t":12,"s":[51]},{"t":29,"s":[100],"h":1},{"i":{"x":[0.255],"y":[1]},"o":{"x":[0.167],"y":[0.167]},"t":30,"s":[0]},{"t":46,"s":[37.75]}],"ix":2},"o":{"a":0,"k":0,"ix":3},"m":1,"ix":3,"nm":"Trim Paths 1","mn":"ADBE Vector Filter - Trim","hd":false},{"ty":"tr","p":{"a":0,"k":[932.077,126.984],"ix":2},"a":{"a":0,"k":[0,0],"ix":1},"s":{"a":0,"k":[100,100],"ix":3},"r":{"a":0,"k":0,"ix":6},"o":{"a":0,"k":100,"ix":7},"sk":{"a":0,"k":0,"ix":4},"sa":{"a":0,"k":0,"ix":5},"nm":"Transform"}],"nm":"Group 24","np":3,"cix":2,"bm":0,"ix":6,"mn":"ADBE Vector Group","hd":false},{"ty":"tr","p":{"a":0,"k":[1231.077,110.038],"ix":2},"a":{"a":0,"k":[932.077,110.038],"ix":1},"s":{"a":0,"k":[100,100],"ix":3},"r":{"a":0,"k":0,"ix":6},"o":{"a":0,"k":100,"ix":7},"sk":{"a":0,"k":0,"ix":4},"sa":{"a":0,"k":0,"ix":5},"nm":"Transform"}],"nm":"Second 2 Lines","np":6,"cix":2,"bm":0,"ix":4,"mn":"ADBE Vector Group","hd":false}],"ip":0,"op":74,"st":0,"bm":0},{"ddd":0,"ind":2,"ty":4,"nm":"Blue Text","sr":1,"ks":{"o":{"a":0,"k":100,"ix":11},"r":{"a":0,"k":0,"ix":10},"p":{"a":0,"k":[1153.578,109.335,0],"ix":2},"a":{"a":0,"k":[1153.578,109.335,0],"ix":1},"s":{"a":0,"k":[100,100,100],"ix":6}},"ao":0,"shapes":[{"ty":"gr","it":[{"ind":0,"ty":"sh","ix":1,"ks":{"a":0,"k":{"i":[[0,21.04],[0,0],[0,0],[0,0],[4.622,-4.564],[0,0]],"o":[[0,0],[0,0],[0,0],[0,7.009],[0,0],[14.664,-12.865]],"v":[[26.994,-11.467],[26.994,-41.303],[-19.505,-41.303],[-19.505,-6.663],[-26.994,11.249],[3.06,41.303]],"c":true},"ix":2},"nm":"Path 1","mn":"ADBE Vector Shape - Group","hd":false},{"ty":"fl","c":{"a":0,"k":[0,0.541176497936,0.678431391716,1],"ix":4},"o":{"a":0,"k":100,"ix":5},"r":1,"bm":0,"nm":"Fill 1","mn":"ADBE Vector Graphic - Fill","hd":false},{"ty":"tr","p":{"a":0,"k":[1421.006,149.894],"ix":2},"a":{"a":0,"k":[0,0],"ix":1},"s":{"a":0,"k":[100,100],"ix":3},"r":{"a":0,"k":0,"ix":6},"o":{"a":0,"k":100,"ix":7},"sk":{"a":0,"k":0,"ix":4},"sa":{"a":0,"k":0,"ix":5},"nm":"Transform"}],"nm":"Group 1","np":2,"cix":2,"bm":0,"ix":1,"mn":"ADBE Vector Group","hd":false},{"ty":"gr","it":[{"ind":0,"ty":"sh","ix":1,"ks":{"a":0,"k":{"i":[[0,0],[38.767,0],[0,0],[0,0],[0,-13.886],[0,0],[0,0]],"o":[[0,-38.767],[0,0],[0,0],[13.88,0.028],[0,0],[0,0],[0,0]],"v":[[35.812,20.923],[-34.382,-49.27],[-35.812,-49.27],[-35.812,-8.333],[-10.688,16.841],[-10.688,49.27],[35.812,49.27]],"c":true},"ix":2},"nm":"Path 1","mn":"ADBE Vector Shape - Group","hd":false},{"ty":"fl","c":{"a":0,"k":[0.235294118524,0.364705890417,0.666666686535,1],"ix":4},"o":{"a":0,"k":100,"ix":5},"r":1,"bm":0,"nm":"Fill 1","mn":"ADBE Vector Graphic - Fill","hd":false},{"ty":"tr","p":{"a":0,"k":[1412.188,59.32],"ix":2},"a":{"a":0,"k":[0,0],"ix":1},"s":{"a":0,"k":[100,100],"ix":3},"r":{"a":0,"k":0,"ix":6},"o":{"a":0,"k":100,"ix":7},"sk":{"a":0,"k":0,"ix":4},"sa":{"a":0,"k":0,"ix":5},"nm":"Transform"}],"nm":"Group 2","np":2,"cix":2,"bm":0,"ix":2,"mn":"ADBE Vector Group","hd":false},{"ty":"gr","it":[{"ind":0,"ty":"sh","ix":1,"ks":{"a":0,"k":{"i":[[0,0],[0,-38.767],[0,0],[0,0],[0,0],[-13.904,0],[0,0],[-0.017,0],[0,0]],"o":[[-38.767,0],[0,0],[0,0],[0,0],[0,-13.904],[0,0],[0.017,0],[0,0],[0,0]],"v":[[34.382,-49.643],[-35.811,20.551],[-35.811,49.643],[9.556,49.643],[9.556,16.469],[34.731,-8.706],[35.76,-8.706],[35.811,-8.705],[35.811,-49.643]],"c":true},"ix":2},"nm":"Path 1","mn":"ADBE Vector Shape - Group","hd":false},{"ty":"fl","c":{"a":0,"k":[0,0.68235296011,0.937254905701,1],"ix":4},"o":{"a":0,"k":100,"ix":5},"r":1,"bm":0,"nm":"Fill 1","mn":"ADBE Vector Graphic - Fill","hd":false},{"ty":"tr","p":{"a":0,"k":[1340.566,59.693],"ix":2},"a":{"a":0,"k":[0,0],"ix":1},"s":{"a":0,"k":[100,100],"ix":3},"r":{"a":0,"k":0,"ix":6},"o":{"a":0,"k":100,"ix":7},"sk":{"a":0,"k":0,"ix":4},"sa":{"a":0,"k":0,"ix":5},"nm":"Transform"}],"nm":"Group 3","np":2,"cix":2,"bm":0,"ix":3,"mn":"ADBE Vector Group","hd":false},{"ty":"gr","it":[{"ind":0,"ty":"sh","ix":1,"ks":{"a":0,"k":{"i":[[6.895,0],[0,0],[4.552,4.526],[0,0],[-17.934,0],[0,0],[-12.354,10.839],[0,0]],"o":[[0,0],[-6.926,0],[0,0],[12.408,11.067],[0,0],[17.726,0],[0,0],[-4.547,4.49]],"v":[[0.167,-16.445],[-0.862,-16.445],[-18.611,-23.769],[-47.908,5.967],[-1.211,23.769],[1.648,23.769],[47.908,6.346],[17.853,-23.709]],"c":true},"ix":2},"nm":"Path 1","mn":"ADBE Vector Shape - Group","hd":false},{"ty":"fl","c":{"a":0,"k":[0.623529434204,0.803921580315,0.933333337307,1],"ix":4},"o":{"a":0,"k":100,"ix":5},"r":1,"bm":0,"nm":"Fill 1","mn":"ADBE Vector Graphic - Fill","hd":false},{"ty":"tr","p":{"a":0,"k":[1376.159,184.852],"ix":2},"a":{"a":0,"k":[0,0],"ix":1},"s":{"a":0,"k":[100,100],"ix":3},"r":{"a":0,"k":0,"ix":6},"o":{"a":0,"k":100,"ix":7},"sk":{"a":0,"k":0,"ix":4},"sa":{"a":0,"k":0,"ix":5},"nm":"Transform"}],"nm":"Group 4","np":2,"cix":2,"bm":0,"ix":4,"mn":"ADBE Vector Group","hd":false},{"ty":"gr","it":[{"ind":0,"ty":"sh","ix":1,"ks":{"a":0,"k":{"i":[[0,0],[38.767,0],[0,0],[0,0],[0,-13.466],[0,0],[0,0]],"o":[[0,-38.767],[0,0],[0,0],[13.297,0.679],[0,0],[0,0],[0,0]],"v":[[35.185,20.423],[-35.009,-49.77],[-35.185,-49.77],[-35.185,-8.801],[-11.315,16.341],[-11.315,49.77],[35.185,49.77]],"c":true},"ix":2},"nm":"Path 1","mn":"ADBE Vector Shape - Group","hd":false},{"ty":"fl","c":{"a":0,"k":[0,0.541176497936,0.678431391716,1],"ix":4},"o":{"a":0,"k":100,"ix":5},"r":1,"bm":0,"nm":"Fill 1","mn":"ADBE Vector Graphic - Fill","hd":false},{"ty":"tr","p":{"a":0,"k":[1114.041,59.82],"ix":2},"a":{"a":0,"k":[0,0],"ix":1},"s":{"a":0,"k":[100,100],"ix":3},"r":{"a":0,"k":0,"ix":6},"o":{"a":0,"k":100,"ix":7},"sk":{"a":0,"k":0,"ix":4},"sa":{"a":0,"k":0,"ix":5},"nm":"Transform"}],"nm":"Group 5","np":2,"cix":2,"bm":0,"ix":5,"mn":"ADBE Vector Group","hd":false},{"ty":"gr","it":[{"ind":0,"ty":"sh","ix":1,"ks":{"a":0,"k":{"i":[[0,0],[0,-38.767],[0,0],[0,0],[0,0],[-13.904,0],[0,0],[-0.432,-0.022],[0,0]],"o":[[-38.767,0],[0,0],[0,0],[0,0],[0,-13.904],[0,0],[0.438,0],[0,0],[0,0]],"v":[[33.755,-49.643],[-36.438,20.551],[-36.438,49.643],[8.929,49.643],[8.929,16.469],[34.104,-8.706],[35.133,-8.706],[36.438,-8.673],[36.438,-49.643]],"c":true},"ix":2},"nm":"Path 1","mn":"ADBE Vector Shape - Group","hd":false},{"ty":"fl","c":{"a":0,"k":[0,0.68235296011,0.937254905701,1],"ix":4},"o":{"a":0,"k":100,"ix":5},"r":1,"bm":0,"nm":"Fill 1","mn":"ADBE Vector Graphic - Fill","hd":false},{"ty":"tr","p":{"a":0,"k":[1042.418,59.693],"ix":2},"a":{"a":0,"k":[0,0],"ix":1},"s":{"a":0,"k":[100,100],"ix":3},"r":{"a":0,"k":0,"ix":6},"o":{"a":0,"k":100,"ix":7},"sk":{"a":0,"k":0,"ix":4},"sa":{"a":0,"k":0,"ix":5},"nm":"Transform"}],"nm":"Group 6","np":2,"cix":2,"bm":0,"ix":6,"mn":"ADBE Vector Group","hd":false},{"ty":"gr","it":[{"ind":0,"ty":"sh","ix":1,"ks":{"a":0,"k":{"i":[[6.959,0],[0,0],[4.552,4.526],[0,0],[-17.934,0],[0,0],[-12.371,10.909],[0,0]],"o":[[0,0],[-6.926,0],[0,0],[12.408,11.067],[0,0],[17.791,0],[0,0],[-4.557,4.564]],"v":[[0.099,-16.413],[-0.93,-16.413],[-18.679,-23.737],[-47.976,5.999],[-1.279,23.801],[1.58,23.801],[47.976,6.26],[17.914,-23.801]],"c":true},"ix":2},"nm":"Path 1","mn":"ADBE Vector Shape - Group","hd":false},{"ty":"fl","c":{"a":0,"k":[0.623529434204,0.803921580315,0.933333337307,1],"ix":4},"o":{"a":0,"k":100,"ix":5},"r":1,"bm":0,"nm":"Fill 1","mn":"ADBE Vector Graphic - Fill","hd":false},{"ty":"tr","p":{"a":0,"k":[1077.452,184.82],"ix":2},"a":{"a":0,"k":[0,0],"ix":1},"s":{"a":0,"k":[100,100],"ix":3},"r":{"a":0,"k":0,"ix":6},"o":{"a":0,"k":100,"ix":7},"sk":{"a":0,"k":0,"ix":4},"sa":{"a":0,"k":0,"ix":5},"nm":"Transform"}],"nm":"Group 7","np":2,"cix":2,"bm":0,"ix":7,"mn":"ADBE Vector Group","hd":false},{"ty":"gr","it":[{"ind":0,"ty":"sh","ix":1,"ks":{"a":0,"k":{"i":[[0,20.976],[0,0],[0,0],[0,0],[4.548,-4.555],[0,0]],"o":[[0,0],[0,0],[0,0],[0,6.945],[0,0],[14.586,-12.862]],"v":[[26.93,-11.908],[26.93,-40.745],[-19.57,-40.745],[-19.57,-7.104],[-26.93,10.683],[3.132,40.745]],"c":true},"ix":2},"nm":"Path 1","mn":"ADBE Vector Shape - Group","hd":false},{"ty":"fl","c":{"a":0,"k":[0.011764706112,0.40000000596,0.560784339905,1],"ix":4},"o":{"a":0,"k":100,"ix":5},"r":1,"bm":0,"nm":"Fill 1","mn":"ADBE Vector Graphic - Fill","hd":false},{"ty":"tr","p":{"a":0,"k":[1122.295,150.335],"ix":2},"a":{"a":0,"k":[0,0],"ix":1},"s":{"a":0,"k":[100,100],"ix":3},"r":{"a":0,"k":0,"ix":6},"o":{"a":0,"k":100,"ix":7},"sk":{"a":0,"k":0,"ix":4},"sa":{"a":0,"k":0,"ix":5},"nm":"Transform"}],"nm":"Group 8","np":2,"cix":2,"bm":0,"ix":8,"mn":"ADBE Vector Group","hd":false},{"ty":"gr","it":[{"ind":0,"ty":"sh","ix":1,"ks":{"a":0,"k":{"i":[[0,0],[-0.44,12.428],[0,0],[1.707,-2.524],[22.548,-33.343],[0,0]],"o":[[7.817,-11.469],[0,0],[-0.254,2.835],[-3.006,4.445],[0,0],[0,0]],"v":[[41.007,-9.968],[53.487,-46.482],[6.746,-46.482],[3.85,-38.306],[-53.487,46.482],[2.667,46.282]],"c":true},"ix":2},"nm":"Path 1","mn":"ADBE Vector Shape - Group","hd":false},{"ty":"fl","c":{"a":0,"k":[0,0.68235296011,0.937254905701,1],"ix":4},"o":{"a":0,"k":100,"ix":5},"r":1,"bm":0,"nm":"Fill 1","mn":"ADBE Vector Graphic - Fill","hd":false},{"ty":"tr","p":{"a":0,"k":[1233.369,118.871],"ix":2},"a":{"a":0,"k":[0,0],"ix":1},"s":{"a":0,"k":[100,100],"ix":3},"r":{"a":0,"k":0,"ix":6},"o":{"a":0,"k":100,"ix":7},"sk":{"a":0,"k":0,"ix":4},"sa":{"a":0,"k":0,"ix":5},"nm":"Transform"}],"nm":"Group 9","np":2,"cix":2,"bm":0,"ix":9,"mn":"ADBE Vector Group","hd":false},{"ty":"gr","it":[{"ind":0,"ty":"sh","ix":1,"ks":{"a":0,"k":{"i":[[0,0],[0,0],[0,0],[0,0],[0,0]],"o":[[0,0],[0,0],[0,0],[0,0],[0,0]],"v":[[35.305,0.277],[42.665,-21.548],[-14.689,-21.548],[-42.665,21.548],[42.665,21.548]],"c":true},"ix":2},"nm":"Path 1","mn":"ADBE Vector Shape - Group","hd":false},{"ty":"fl","c":{"a":0,"k":[0.235294118524,0.364705890417,0.666666686535,1],"ix":4},"o":{"a":0,"k":100,"ix":5},"r":1,"bm":0,"nm":"Fill 1","mn":"ADBE Vector Graphic - Fill","hd":false},{"ty":"tr","p":{"a":0,"k":[1250.725,186.7],"ix":2},"a":{"a":0,"k":[0,0],"ix":1},"s":{"a":0,"k":[100,100],"ix":3},"r":{"a":0,"k":0,"ix":6},"o":{"a":0,"k":100,"ix":7},"sk":{"a":0,"k":0,"ix":4},"sa":{"a":0,"k":0,"ix":5},"nm":"Transform"}],"nm":"Group 10","np":2,"cix":2,"bm":0,"ix":10,"mn":"ADBE Vector Group","hd":false},{"ty":"gr","it":[{"ind":0,"ty":"sh","ix":1,"ks":{"a":0,"k":{"i":[[0,0],[0,0],[0,0],[0,0],[0,0]],"o":[[-12.73,18.825],[0,0],[0,0],[0,0],[0,0]],"v":[[-16.818,-21.347],[-39.336,11.951],[-39.336,21.548],[11.36,21.548],[39.336,-21.548]],"c":true},"ix":2},"nm":"Path 1","mn":"ADBE Vector Shape - Group","hd":false},{"ty":"fl","c":{"a":0,"k":[0.011764706112,0.40000000596,0.560784339905,1],"ix":4},"o":{"a":0,"k":100,"ix":5},"r":1,"bm":0,"nm":"Fill 1","mn":"ADBE Vector Graphic - Fill","hd":false},{"ty":"tr","p":{"a":0,"k":[1196.7,186.7],"ix":2},"a":{"a":0,"k":[0,0],"ix":1},"s":{"a":0,"k":[100,100],"ix":3},"r":{"a":0,"k":0,"ix":6},"o":{"a":0,"k":100,"ix":7},"sk":{"a":0,"k":0,"ix":4},"sa":{"a":0,"k":0,"ix":5},"nm":"Transform"}],"nm":"Group 11","np":2,"cix":2,"bm":0,"ix":11,"mn":"ADBE Vector Group","hd":false},{"ty":"gr","it":[{"ind":0,"ty":"sh","ix":1,"ks":{"a":0,"k":{"i":[[19.842,13.432],[11.315,-0.479],[0,0],[-3.007,-3.167],[0,0],[0.446,-4.976],[0,0]],"o":[[-10.958,-7.418],[0,0],[4.108,0.245],[0,0],[3.427,3.61],[0,0],[0.708,-19.99]],"v":[[3.003,-21.821],[-31.275,-31.038],[-31.275,12.323],[-20.159,17.48],[-20.159,17.48],[-15.504,31.099],[31.237,31.099]],"c":true},"ix":2},"nm":"Path 1","mn":"ADBE Vector Shape - Group","hd":false},{"ty":"fl","c":{"a":0,"k":[0.623529434204,0.803921580315,0.933333337307,1],"ix":4},"o":{"a":0,"k":100,"ix":5},"r":1,"bm":0,"nm":"Fill 1","mn":"ADBE Vector Graphic - Fill","hd":false},{"ty":"tr","p":{"a":0,"k":[1255.619,41.29],"ix":2},"a":{"a":0,"k":[0,0],"ix":1},"s":{"a":0,"k":[100,100],"ix":3},"r":{"a":0,"k":0,"ix":6},"o":{"a":0,"k":100,"ix":7},"sk":{"a":0,"k":0,"ix":4},"sa":{"a":0,"k":0,"ix":5},"nm":"Transform"}],"nm":"Group 12","np":2,"cix":2,"bm":0,"ix":12,"mn":"ADBE Vector Group","hd":false},{"ty":"gr","it":[{"ind":0,"ty":"sh","ix":1,"ks":{"a":0,"k":{"i":[[0,0],[0,0],[0,0],[0,0],[0,0]],"o":[[0,0],[0,0],[0,0],[0,0],[0,0]],"v":[[43.19,-21.548],[-14.164,-21.548],[-43.19,21.548],[43.19,21.548],[35.831,0.277]],"c":true},"ix":2},"nm":"Path 1","mn":"ADBE Vector Shape - Group","hd":false},{"ty":"fl","c":{"a":0,"k":[0,0.541176497936,0.678431391716,1],"ix":4},"o":{"a":0,"k":100,"ix":5},"r":1,"bm":0,"nm":"Fill 1","mn":"ADBE Vector Graphic - Fill","hd":false},{"ty":"tr","p":{"a":0,"k":[951.991,187.073],"ix":2},"a":{"a":0,"k":[0,0],"ix":1},"s":{"a":0,"k":[100,100],"ix":3},"r":{"a":0,"k":0,"ix":6},"o":{"a":0,"k":100,"ix":7},"sk":{"a":0,"k":0,"ix":4},"sa":{"a":0,"k":0,"ix":5},"nm":"Transform"}],"nm":"Group 13","np":2,"cix":2,"bm":0,"ix":13,"mn":"ADBE Vector Group","hd":false},{"ty":"gr","it":[{"ind":0,"ty":"sh","ix":1,"ks":{"a":0,"k":{"i":[[0.143,13.325],[0,0],[2.271,-3.358],[22.491,-33.259],[0,0],[0,0]],"o":[[0,0],[0.259,3.748],[-2.97,4.392],[0,0],[0,0],[8.406,-12.333]],"v":[[53.097,-47.784],[6.344,-47.784],[3.422,-36.804],[-53.1,47.78],[2.239,47.784],[40.578,-8.466]],"c":true},"ix":2},"nm":"Path 1","mn":"ADBE Vector Shape - Group","hd":false},{"ty":"fl","c":{"a":0,"k":[0,0.68235296011,0.937254905701,1],"ix":4},"o":{"a":0,"k":100,"ix":5},"r":1,"bm":0,"nm":"Fill 1","mn":"ADBE Vector Graphic - Fill","hd":false},{"ty":"tr","p":{"a":0,"k":[935.589,117.742],"ix":2},"a":{"a":0,"k":[0,0],"ix":1},"s":{"a":0,"k":[100,100],"ix":3},"r":{"a":0,"k":0,"ix":6},"o":{"a":0,"k":100,"ix":7},"sk":{"a":0,"k":0,"ix":4},"sa":{"a":0,"k":0,"ix":5},"nm":"Transform"}],"nm":"Group 14","np":2,"cix":2,"bm":0,"ix":14,"mn":"ADBE Vector Group","hd":false},{"ty":"gr","it":[{"ind":0,"ty":"sh","ix":1,"ks":{"a":0,"k":{"i":[[18.913,12.803],[11.01,-0.299],[0,0],[-2.788,-2.936],[-0.278,-4.015],[0,0]],"o":[[-10.626,-7.193],[0,0],[3.789,0.432],[2.782,2.93],[0,0],[-0.204,-18.998]],"v":[[2.554,-20.419],[-30.691,-29.672],[-30.826,13.79],[-20.608,18.882],[-15.927,29.696],[30.826,29.696]],"c":true},"ix":2},"nm":"Path 1","mn":"ADBE Vector Shape - Group","hd":false},{"ty":"fl","c":{"a":0,"k":[0,0.541176497936,0.678431391716,1],"ix":4},"o":{"a":0,"k":100,"ix":5},"r":1,"bm":0,"nm":"Fill 1","mn":"ADBE Vector Graphic - Fill","hd":false},{"ty":"tr","p":{"a":0,"k":[957.86,40.261],"ix":2},"a":{"a":0,"k":[0,0],"ix":1},"s":{"a":0,"k":[100,100],"ix":3},"r":{"a":0,"k":0,"ix":6},"o":{"a":0,"k":100,"ix":7},"sk":{"a":0,"k":0,"ix":4},"sa":{"a":0,"k":0,"ix":5},"nm":"Transform"}],"nm":"Group 15","np":2,"cix":2,"bm":0,"ix":15,"mn":"ADBE Vector Group","hd":false},{"ty":"gr","it":[{"ind":0,"ty":"sh","ix":1,"ks":{"a":0,"k":{"i":[[5.042,-4.706],[0,0],[0,0],[-3.769,-0.429],[0,0]],"o":[[0,0],[0,0],[3.367,-2.21],[0,0],[-21.598,0.587]],"v":[[-22.967,-7.873],[8.897,23.992],[11.781,22.099],[22.832,19.47],[22.967,-23.992]],"c":true},"ix":2},"nm":"Path 1","mn":"ADBE Vector Shape - Group","hd":false},{"ty":"fl","c":{"a":0,"k":[0.623529434204,0.803921580315,0.933333337307,1],"ix":4},"o":{"a":0,"k":100,"ix":5},"r":1,"bm":0,"nm":"Fill 1","mn":"ADBE Vector Graphic - Fill","hd":false},{"ty":"tr","p":{"a":0,"k":[904.202,34.581],"ix":2},"a":{"a":0,"k":[0,0],"ix":1},"s":{"a":0,"k":[100,100],"ix":3},"r":{"a":0,"k":0,"ix":6},"o":{"a":0,"k":100,"ix":7},"sk":{"a":0,"k":0,"ix":4},"sa":{"a":0,"k":0,"ix":5},"nm":"Transform"}],"nm":"Group 16","np":2,"cix":2,"bm":0,"ix":16,"mn":"ADBE Vector Group","hd":false},{"ty":"gr","it":[{"ind":0,"ty":"sh","ix":1,"ks":{"a":0,"k":{"i":[[0,0],[0,0],[0,0],[0,0],[0,0]],"o":[[-13.124,19.407],[0,0],[0,0],[0,0],[0,0]],"v":[[-16.003,-21.55],[-39.336,11.953],[-39.336,21.55],[10.309,21.55],[39.336,-21.546]],"c":true},"ix":2},"nm":"Path 1","mn":"ADBE Vector Shape - Group","hd":false},{"ty":"fl","c":{"a":0,"k":[0.235294118524,0.364705890417,0.666666686535,1],"ix":4},"o":{"a":0,"k":100,"ix":5},"r":1,"bm":0,"nm":"Fill 1","mn":"ADBE Vector Graphic - Fill","hd":false},{"ty":"tr","p":{"a":0,"k":[898.492,187.071],"ix":2},"a":{"a":0,"k":[0,0],"ix":1},"s":{"a":0,"k":[100,100],"ix":3},"r":{"a":0,"k":0,"ix":6},"o":{"a":0,"k":100,"ix":7},"sk":{"a":0,"k":0,"ix":4},"sa":{"a":0,"k":0,"ix":5},"nm":"Transform"}],"nm":"Group 17","np":2,"cix":2,"bm":0,"ix":17,"mn":"ADBE Vector Group","hd":false},{"ty":"gr","it":[{"ind":0,"ty":"sh","ix":1,"ks":{"a":0,"k":{"i":[[-0.761,-31.976],[0,0],[-4.154,7.367],[0,0]],"o":[[0,0],[0,0],[0,0],[0,0]],"v":[[-23.931,22.527],[19.734,22.527],[23.955,9.338],[-6.91,-22.527]],"c":true},"ix":2},"nm":"Path 1","mn":"ADBE Vector Shape - Group","hd":false},{"ty":"fl","c":{"a":0,"k":[0,0.68235296011,0.937254905701,1],"ix":4},"o":{"a":0,"k":100,"ix":5},"r":1,"bm":0,"nm":"Fill 1","mn":"ADBE Vector Graphic - Fill","hd":false},{"ty":"tr","p":{"a":0,"k":[1187.353,49.862],"ix":2},"a":{"a":0,"k":[0,0],"ix":1},"s":{"a":0,"k":[100,100],"ix":3},"r":{"a":0,"k":0,"ix":6},"o":{"a":0,"k":100,"ix":7},"sk":{"a":0,"k":0,"ix":4},"sa":{"a":0,"k":0,"ix":5},"nm":"Transform"}],"nm":"Group 18","np":2,"cix":2,"bm":0,"ix":18,"mn":"ADBE Vector Group","hd":false}],"ip":0,"op":73,"st":0,"bm":0},{"ddd":0,"ind":3,"ty":4,"nm":"Black Text","sr":1,"ks":{"o":{"a":0,"k":100,"ix":11},"r":{"a":0,"k":0,"ix":10},"p":{"a":0,"k":[433.564,110,0],"ix":2},"a":{"a":0,"k":[433.564,110,0],"ix":1},"s":{"a":0,"k":[100,100,100],"ix":6}},"ao":0,"shapes":[{"ty":"gr","it":[{"ind":0,"ty":"sh","ix":1,"ks":{"a":0,"k":{"i":[[0,0],[0,0],[0,0],[0,0],[0,0],[0,0],[0,0],[0,0]],"o":[[0,0],[0,0],[0,0],[0,0],[0,0],[0,0],[0,0],[0,0]],"v":[[-23.006,-39.17],[23.006,-39.17],[23.006,-25.09],[6.643,-25.09],[6.624,39.17],[-6.624,39.17],[-6.605,-25.486],[-23.006,-25.486]],"c":true},"ix":2},"nm":"Path 1","mn":"ADBE Vector Shape - Group","hd":false},{"ty":"fl","c":{"a":0,"k":[0.137254908681,0.121568627656,0.1254902035,1],"ix":4},"o":{"a":0,"k":100,"ix":5},"r":1,"bm":0,"nm":"Fill 1","mn":"ADBE Vector Graphic - Fill","hd":false},{"ty":"tr","p":{"a":0,"k":[783.427,168.451],"ix":2},"a":{"a":0,"k":[0,0],"ix":1},"s":{"a":0,"k":[100,100],"ix":3},"r":{"a":0,"k":0,"ix":6},"o":{"a":0,"k":100,"ix":7},"sk":{"a":0,"k":0,"ix":4},"sa":{"a":0,"k":0,"ix":5},"nm":"Transform"}],"nm":"Group 1","np":2,"cix":2,"bm":0,"ix":1,"mn":"ADBE Vector Group","hd":false},{"ty":"gr","it":[{"ind":0,"ty":"sh","ix":1,"ks":{"a":0,"k":{"i":[[-7.258,-9.261],[0,0],[4.014,-9.285],[-15.664,-6.563],[8.104,-20.333],[9.299,0],[0,0],[0,0],[0,0],[-5.969,6.966],[6.669,3.165],[-8.943,14.023]],"o":[[0,0],[-3.095,-2.523],[-1.868,4.32],[2.765,1.158],[-3.106,7.793],[0,0],[-13.431,0],[0,0],[4.505,5.849],[5.687,-6.637],[-14.767,-7.008],[10.464,-16.408]],"v":[[20.953,-29.864],[12.694,-20.354],[-7.079,-23.107],[6.937,-5.837],[21.953,25.447],[0.987,40.214],[-0.603,40.214],[-23.848,27.951],[-14.837,18.441],[7.188,23.694],[-3.575,4.675],[-18.366,-30.757]],"c":true},"ix":2},"nm":"Path 1","mn":"ADBE Vector Shape - Group","hd":false},{"ty":"fl","c":{"a":0,"k":[0.137254908681,0.121568627656,0.1254902035,1],"ix":4},"o":{"a":0,"k":100,"ix":5},"r":1,"bm":0,"nm":"Fill 1","mn":"ADBE Vector Graphic - Fill","hd":false},{"ty":"tr","p":{"a":0,"k":[831.28,168.407],"ix":2},"a":{"a":0,"k":[0,0],"ix":1},"s":{"a":0,"k":[100,100],"ix":3},"r":{"a":0,"k":0,"ix":6},"o":{"a":0,"k":100,"ix":7},"sk":{"a":0,"k":0,"ix":4},"sa":{"a":0,"k":0,"ix":5},"nm":"Transform"}],"nm":"Group 2","np":2,"cix":2,"bm":0,"ix":2,"mn":"ADBE Vector Group","hd":false},{"ty":"gr","it":[{"ind":0,"ty":"sh","ix":1,"ks":{"a":0,"k":{"i":[[-7.258,-9.261],[0,0],[4.014,-9.285],[-15.664,-6.563],[8.104,-20.333],[9.299,0],[0,0],[0,0],[0,0],[-5.969,6.966],[6.669,3.165],[-8.943,14.023]],"o":[[0,0],[-3.095,-2.523],[-1.868,4.32],[2.765,1.158],[-3.106,7.793],[0,0],[-13.431,0],[0,0],[4.505,5.849],[5.687,-6.637],[-14.767,-7.008],[10.464,-16.408]],"v":[[20.953,-29.864],[12.694,-20.354],[-7.079,-23.107],[6.937,-5.837],[21.953,25.447],[0.987,40.214],[-0.603,40.214],[-23.848,27.951],[-14.837,18.441],[7.188,23.694],[-3.575,4.675],[-18.366,-30.757]],"c":true},"ix":2},"nm":"Path 1","mn":"ADBE Vector Shape - Group","hd":false},{"ty":"fl","c":{"a":0,"k":[0.137254908681,0.121568627656,0.1254902035,1],"ix":4},"o":{"a":0,"k":100,"ix":5},"r":1,"bm":0,"nm":"Fill 1","mn":"ADBE Vector Graphic - Fill","hd":false},{"ty":"tr","p":{"a":0,"k":[735.774,168.407],"ix":2},"a":{"a":0,"k":[0,0],"ix":1},"s":{"a":0,"k":[100,100],"ix":3},"r":{"a":0,"k":0,"ix":6},"o":{"a":0,"k":100,"ix":7},"sk":{"a":0,"k":0,"ix":4},"sa":{"a":0,"k":0,"ix":5},"nm":"Transform"}],"nm":"Group 3","np":2,"cix":2,"bm":0,"ix":3,"mn":"ADBE Vector Group","hd":false},{"ty":"gr","it":[{"ind":0,"ty":"sh","ix":1,"ks":{"a":0,"k":{"i":[[0,0],[0,0],[0,0],[0,0]],"o":[[0,0],[0,0],[0,0],[0,0]],"v":[[-7.008,-39.17],[-7.008,39.17],[7.008,39.17],[7.008,-39.17]],"c":true},"ix":2},"nm":"Path 1","mn":"ADBE Vector Shape - Group","hd":false},{"ty":"fl","c":{"a":0,"k":[0.137254908681,0.121568627656,0.1254902035,1],"ix":4},"o":{"a":0,"k":100,"ix":5},"r":1,"bm":0,"nm":"Fill 1","mn":"ADBE Vector Graphic - Fill","hd":false},{"ty":"tr","p":{"a":0,"k":[698.911,168.451],"ix":2},"a":{"a":0,"k":[0,0],"ix":1},"s":{"a":0,"k":[100,100],"ix":3},"r":{"a":0,"k":0,"ix":6},"o":{"a":0,"k":100,"ix":7},"sk":{"a":0,"k":0,"ix":4},"sa":{"a":0,"k":0,"ix":5},"nm":"Transform"}],"nm":"Group 4","np":2,"cix":2,"bm":0,"ix":4,"mn":"ADBE Vector Group","hd":false},{"ty":"gr","it":[{"ind":0,"ty":"sh","ix":1,"ks":{"a":0,"k":{"i":[[0,0],[0,0],[0,0],[0,0],[0,0],[0,0]],"o":[[0,0],[0,0],[0,0],[0,0],[0,0],[0,0]],"v":[[-18.99,-39.17],[-18.99,39.17],[18.99,39.17],[18.99,25.654],[-5.789,25.654],[-5.789,-39.17]],"c":true},"ix":2},"nm":"Path 1","mn":"ADBE Vector Shape - Group","hd":false},{"ty":"fl","c":{"a":0,"k":[0.137254908681,0.121568627656,0.1254902035,1],"ix":4},"o":{"a":0,"k":100,"ix":5},"r":1,"bm":0,"nm":"Fill 1","mn":"ADBE Vector Graphic - Fill","hd":false},{"ty":"tr","p":{"a":0,"k":[665.906,168.451],"ix":2},"a":{"a":0,"k":[0,0],"ix":1},"s":{"a":0,"k":[100,100],"ix":3},"r":{"a":0,"k":0,"ix":6},"o":{"a":0,"k":100,"ix":7},"sk":{"a":0,"k":0,"ix":4},"sa":{"a":0,"k":0,"ix":5},"nm":"Transform"}],"nm":"Group 5","np":2,"cix":2,"bm":0,"ix":5,"mn":"ADBE Vector Group","hd":false},{"ty":"gr","it":[{"ind":0,"ty":"sh","ix":1,"ks":{"a":0,"k":{"i":[[0,0],[0,0],[0,0]],"o":[[0,0],[0,0],[0,0]],"v":[[-6.382,9.636],[-0.375,-18.396],[6.132,9.636]],"c":true},"ix":2},"nm":"Path 1","mn":"ADBE Vector Shape - Group","hd":false},{"ind":1,"ty":"sh","ix":2,"ks":{"a":0,"k":{"i":[[0,0],[0,0],[0,0],[0,0],[0,0],[0,0],[0,0],[0,0]],"o":[[0,0],[0,0],[0,0],[0,0],[0,0],[0,0],[0,0],[0,0]],"v":[[6.383,-39.17],[-6.382,-39.17],[-26.655,39.17],[-12.639,39.17],[-8.385,22.15],[9.044,22.15],[12.389,39.17],[26.655,39.17]],"c":true},"ix":2},"nm":"Path 2","mn":"ADBE Vector Shape - Group","hd":false},{"ty":"fl","c":{"a":0,"k":[0.137254908681,0.121568627656,0.1254902035,1],"ix":4},"o":{"a":0,"k":100,"ix":5},"r":1,"bm":0,"nm":"Fill 1","mn":"ADBE Vector Graphic - Fill","hd":false},{"ty":"tr","p":{"a":0,"k":[613.94,168.451],"ix":2},"a":{"a":0,"k":[0,0],"ix":1},"s":{"a":0,"k":[100,100],"ix":3},"r":{"a":0,"k":0,"ix":6},"o":{"a":0,"k":100,"ix":7},"sk":{"a":0,"k":0,"ix":4},"sa":{"a":0,"k":0,"ix":5},"nm":"Transform"}],"nm":"Group 6","np":3,"cix":2,"bm":0,"ix":6,"mn":"ADBE Vector Group","hd":false},{"ty":"gr","it":[{"ind":0,"ty":"sh","ix":1,"ks":{"a":0,"k":{"i":[[0,0],[0,0],[0,0],[0,0],[0,0],[0,0],[0,0],[0,0],[0,0],[0,0]],"o":[[0,0],[0,0],[0,0],[0,0],[0,0],[0,0],[0,0],[0,0],[0,0],[0,0]],"v":[[-23.026,39.17],[-23.026,-39.17],[-9.01,-39.17],[11.263,11.138],[11.263,-39.17],[23.026,-39.17],[23.026,39.168],[10.262,39.168],[-10.01,-4.022],[-10.01,39.17]],"c":true},"ix":2},"nm":"Path 1","mn":"ADBE Vector Shape - Group","hd":false},{"ty":"fl","c":{"a":0,"k":[0.137254908681,0.121568627656,0.1254902035,1],"ix":4},"o":{"a":0,"k":100,"ix":5},"r":1,"bm":0,"nm":"Fill 1","mn":"ADBE Vector Graphic - Fill","hd":false},{"ty":"tr","p":{"a":0,"k":[557.751,168.451],"ix":2},"a":{"a":0,"k":[0,0],"ix":1},"s":{"a":0,"k":[100,100],"ix":3},"r":{"a":0,"k":0,"ix":6},"o":{"a":0,"k":100,"ix":7},"sk":{"a":0,"k":0,"ix":4},"sa":{"a":0,"k":0,"ix":5},"nm":"Transform"}],"nm":"Group 7","np":2,"cix":2,"bm":0,"ix":7,"mn":"ADBE Vector Group","hd":false},{"ty":"gr","it":[{"ind":0,"ty":"sh","ix":1,"ks":{"a":0,"k":{"i":[[6.236,0.08],[0,0],[0,0],[0,0],[0,-6.181]],"o":[[0,0],[0,0],[0,0],[6.181,0],[0,6.236]],"v":[[-1.448,-4.023],[-8.686,-4.129],[-8.686,-25.404],[-1.305,-25.404],[8.886,-14.213]],"c":true},"ix":2},"nm":"Path 1","mn":"ADBE Vector Shape - Group","hd":false},{"ind":1,"ty":"sh","ix":2,"ks":{"a":0,"k":{"i":[[0,7.603],[0,0],[11.465,0],[0,0],[0,0],[0,0],[0,0],[0,0],[0,0],[0,0],[0,0]],"o":[[0,0],[0,-11.465],[0,0],[0,0],[0,0],[0,0],[0,0],[0,0],[0,0],[0,0],[7.603,0]],"v":[[22.651,-12.139],[22.651,-18.411],[1.892,-39.17],[-22.651,-39.17],[-22.651,39.168],[-8.977,39.17],[-8.977,8.884],[-4.067,8.704],[7.789,39.17],[22.651,39.17],[8.885,5.882]],"c":true},"ix":2},"nm":"Path 2","mn":"ADBE Vector Shape - Group","hd":false},{"ty":"fl","c":{"a":0,"k":[0.137254908681,0.121568627656,0.1254902035,1],"ix":4},"o":{"a":0,"k":100,"ix":5},"r":1,"bm":0,"nm":"Fill 1","mn":"ADBE Vector Graphic - Fill","hd":false},{"ty":"tr","p":{"a":0,"k":[505.316,168.451],"ix":2},"a":{"a":0,"k":[0,0],"ix":1},"s":{"a":0,"k":[100,100],"ix":3},"r":{"a":0,"k":0,"ix":6},"o":{"a":0,"k":100,"ix":7},"sk":{"a":0,"k":0,"ix":4},"sa":{"a":0,"k":0,"ix":5},"nm":"Transform"}],"nm":"Group 8","np":3,"cix":2,"bm":0,"ix":8,"mn":"ADBE Vector Group","hd":false},{"ty":"gr","it":[{"ind":0,"ty":"sh","ix":1,"ks":{"a":0,"k":{"i":[[0,0],[0,0],[-22.278,0],[0,0],[0,0],[0,0],[0,-4.115],[9.135,0],[0,3.003],[0,0]],"o":[[0,0],[0,0],[22.278,0],[0,0],[0,0],[0,0],[0,4.115],[-9.135,0],[0,-3.003],[0,0]],"v":[[-22.901,-39.756],[-22.901,14.806],[0.623,39.756],[22.901,15.056],[22.901,-39.756],[9.386,-39.756],[9.386,10.801],[0,26.065],[-9.135,11.051],[-9.135,-39.756]],"c":true},"ix":2},"nm":"Path 1","mn":"ADBE Vector Shape - Group","hd":false},{"ty":"fl","c":{"a":0,"k":[0.137254908681,0.121568627656,0.1254902035,1],"ix":4},"o":{"a":0,"k":100,"ix":5},"r":1,"bm":0,"nm":"Fill 1","mn":"ADBE Vector Graphic - Fill","hd":false},{"ty":"tr","p":{"a":0,"k":[449.503,169.038],"ix":2},"a":{"a":0,"k":[0,0],"ix":1},"s":{"a":0,"k":[100,100],"ix":3},"r":{"a":0,"k":0,"ix":6},"o":{"a":0,"k":100,"ix":7},"sk":{"a":0,"k":0,"ix":4},"sa":{"a":0,"k":0,"ix":5},"nm":"Transform"}],"nm":"Group 9","np":2,"cix":2,"bm":0,"ix":9,"mn":"ADBE Vector Group","hd":false},{"ty":"gr","it":[{"ind":0,"ty":"sh","ix":1,"ks":{"a":0,"k":{"i":[[12.617,0],[0,5.24],[-11.012,0],[0,-4.578]],"o":[[-11.544,0],[0,-5.24],[11.7,0],[0,4.578]],"v":[[-0.415,25.567],[-11.885,-0.572],[-0.185,-26.491],[11.629,0.355]],"c":true},"ix":2},"nm":"Path 1","mn":"ADBE Vector Shape - Group","hd":false},{"ind":1,"ty":"sh","ix":2,"ks":{"a":0,"k":{"i":[[0,7.219],[25.53,0],[0,-8.263],[-25.189,0]],"o":[[0,-7.219],[-24.029,0],[0,8.263],[27.531,0]],"v":[[25.65,0.5],[-0.128,-40.256],[-25.659,-0.963],[-0.63,40.256]],"c":true},"ix":2},"nm":"Path 2","mn":"ADBE Vector Shape - Group","hd":false},{"ty":"fl","c":{"a":0,"k":[0.137254908681,0.121568627656,0.1254902035,1],"ix":4},"o":{"a":0,"k":100,"ix":5},"r":1,"bm":0,"nm":"Fill 1","mn":"ADBE Vector Graphic - Fill","hd":false},{"ty":"tr","p":{"a":0,"k":[393.694,168.538],"ix":2},"a":{"a":0,"k":[0,0],"ix":1},"s":{"a":0,"k":[100,100],"ix":3},"r":{"a":0,"k":0,"ix":6},"o":{"a":0,"k":100,"ix":7},"sk":{"a":0,"k":0,"ix":4},"sa":{"a":0,"k":0,"ix":5},"nm":"Transform"}],"nm":"Group 10","np":3,"cix":2,"bm":0,"ix":10,"mn":"ADBE Vector Group","hd":false},{"ty":"gr","it":[{"ind":0,"ty":"sh","ix":1,"ks":{"a":0,"k":{"i":[[0,0],[0,0],[-0.007,-5.757],[21.775,0],[0,0],[0,0],[-8.134,-0.501],[0,5.006]],"o":[[0,0],[0,0],[0.007,5.757],[-21.775,0],[0,0],[0,4.948],[7.869,0.484],[0,-5.006]],"v":[[7.228,-39.756],[21.9,-39.756],[21.9,15.056],[0.126,39.756],[-21.9,16.558],[-9.637,12.554],[0,25.067],[7.228,13.054]],"c":true},"ix":2},"nm":"Path 1","mn":"ADBE Vector Shape - Group","hd":false},{"ty":"fl","c":{"a":0,"k":[0.137254908681,0.121568627656,0.1254902035,1],"ix":4},"o":{"a":0,"k":100,"ix":5},"r":1,"bm":0,"nm":"Fill 1","mn":"ADBE Vector Graphic - Fill","hd":false},{"ty":"tr","p":{"a":0,"k":[338.877,169.038],"ix":2},"a":{"a":0,"k":[0,0],"ix":1},"s":{"a":0,"k":[100,100],"ix":3},"r":{"a":0,"k":0,"ix":6},"o":{"a":0,"k":100,"ix":7},"sk":{"a":0,"k":0,"ix":4},"sa":{"a":0,"k":0,"ix":5},"nm":"Transform"}],"nm":"Group 11","np":2,"cix":2,"bm":0,"ix":11,"mn":"ADBE Vector Group","hd":false},{"ty":"gr","it":[{"ty":"gr","it":[{"ind":0,"ty":"sh","ix":1,"ks":{"a":0,"k":{"i":[[15.348,0],[0,15.06],[-14.704,0],[0,-44.335]],"o":[[-22.098,0],[0,-32.449],[9.262,0],[0,32.858]],"v":[[0.342,50.955],[-24.142,0.867],[-0.658,-50.955],[24.142,0]],"c":true},"ix":2},"nm":"Path 1","mn":"ADBE Vector Shape - Group","hd":false},{"ind":1,"ty":"sh","ix":2,"ks":{"a":0,"k":{"i":[[10.383,0],[0,-49.48],[-5.802,-9.012],[-5.292,0],[-5.66,9.188],[0,19.393]],"o":[[-7.963,0],[0,18.854],[5.902,9.168],[5.276,0],[5.564,-9.032],[0,-46.945]],"v":[[-0.658,-53.955],[-27.142,0.867],[-18.398,42.863],[0.342,53.955],[18.756,42.838],[27.142,0]],"c":true},"ix":2},"nm":"Path 2","mn":"ADBE Vector Shape - Group","hd":false},{"ty":"fl","c":{"a":0,"k":[0.137254908681,0.121568627656,0.1254902035,1],"ix":4},"o":{"a":0,"k":100,"ix":5},"r":1,"bm":0,"nm":"Fill 1","mn":"ADBE Vector Graphic - Fill","hd":false},{"ty":"tr","p":{"a":0,"k":[827.093,64.004],"ix":2},"a":{"a":0,"k":[0,0],"ix":1},"s":{"a":0,"k":[100,100],"ix":3},"r":{"a":0,"k":0,"ix":6},"o":{"a":0,"k":100,"ix":7},"sk":{"a":0,"k":0,"ix":4},"sa":{"a":0,"k":0,"ix":5},"nm":"Transform"}],"nm":"Group 1","np":3,"cix":2,"bm":0,"ix":1,"mn":"ADBE Vector Group","hd":false},{"ty":"gr","it":[{"ind":0,"ty":"sh","ix":1,"ks":{"a":0,"k":{"i":[[0,0],[0,0],[0,0],[0,0],[0,0],[0,0],[0,0],[0,0],[0,0],[0,0],[0,0],[0,0]],"o":[[0,0],[0,0],[0,0],[0,0],[0,0],[0,0],[0,0],[0,0],[0,0],[0,0],[0,0],[0,0]],"v":[[-19.699,52.087],[19.699,52.087],[19.699,49.087],[-16.699,49.087],[-16.699,-2.59],[4.024,-2.59],[4.024,-5.59],[-16.699,-5.59],[-16.699,-49.087],[17.699,-49.087],[17.699,-52.087],[-19.699,-52.087]],"c":true},"ix":2},"nm":"Path 1","mn":"ADBE Vector Shape - Group","hd":false},{"ty":"fl","c":{"a":0,"k":[0.137254908681,0.121568627656,0.1254902035,1],"ix":4},"o":{"a":0,"k":100,"ix":5},"r":1,"bm":0,"nm":"Fill 1","mn":"ADBE Vector Graphic - Fill","hd":false},{"ty":"tr","p":{"a":0,"k":[681.868,64.872],"ix":2},"a":{"a":0,"k":[0,0],"ix":1},"s":{"a":0,"k":[100,100],"ix":3},"r":{"a":0,"k":0,"ix":6},"o":{"a":0,"k":100,"ix":7},"sk":{"a":0,"k":0,"ix":4},"sa":{"a":0,"k":0,"ix":5},"nm":"Transform"}],"nm":"Group 2","np":2,"cix":2,"bm":0,"ix":2,"mn":"ADBE Vector Group","hd":false},{"ty":"gr","it":[{"ind":0,"ty":"sh","ix":1,"ks":{"a":0,"k":{"i":[[0,0],[10.251,0],[0,0],[0,10.793],[0,0],[0,0],[0,0],[-11.877,0],[0,0],[0,12.419],[0,0],[0,0]],"o":[[0,10.793],[0,0],[-10.251,0],[0,0],[0,0],[0,0],[0,12.419],[0,0],[11.877,0],[0,0],[0,0],[0,0]],"v":[[21.052,29.426],[2.141,49.337],[-2.14,49.337],[-21.052,29.426],[-21.052,-51.337],[-24.052,-51.337],[-24.052,29.426],[-2.14,52.337],[2.141,52.337],[24.052,29.426],[24.052,-52.337],[21.052,-52.337]],"c":true},"ix":2},"nm":"Path 1","mn":"ADBE Vector Shape - Group","hd":false},{"ty":"fl","c":{"a":0,"k":[0.137254908681,0.121568627656,0.1254902035,1],"ix":4},"o":{"a":0,"k":100,"ix":5},"r":1,"bm":0,"nm":"Fill 1","mn":"ADBE Vector Graphic - Fill","hd":false},{"ty":"tr","p":{"a":0,"k":[560.747,65.622],"ix":2},"a":{"a":0,"k":[0,0],"ix":1},"s":{"a":0,"k":[100,100],"ix":3},"r":{"a":0,"k":0,"ix":6},"o":{"a":0,"k":100,"ix":7},"sk":{"a":0,"k":0,"ix":4},"sa":{"a":0,"k":0,"ix":5},"nm":"Transform"}],"nm":"Group 3","np":2,"cix":2,"bm":0,"ix":3,"mn":"ADBE Vector Group","hd":false},{"ty":"gr","it":[{"ind":0,"ty":"sh","ix":1,"ks":{"a":0,"k":{"i":[[0,0],[11.934,0],[0,0],[0,0],[0,0],[-0.059,0.002],[-3.922,-3.826],[0,-5.883]],"o":[[0,11.934],[0,0],[0,0],[0,0],[0.059,-0.001],[5.432,0.16],[4.211,4.108],[0,0]],"v":[[19.184,27.444],[-2.459,49.087],[-19.184,49.087],[-19.184,-3.65],[-1.969,-4.046],[-1.793,-4.051],[12.654,2.09],[19.184,17.583]],"c":true},"ix":2},"nm":"Path 1","mn":"ADBE Vector Shape - Group","hd":false},{"ind":1,"ty":"sh","ix":2,"ks":{"a":0,"k":{"i":[[0,0],[0,0],[0,-10.048],[0,0],[9.708,-0.351],[0.424,-0.01],[0,0]],"o":[[0,0],[10.048,0],[0,0],[0,9.74],[-0.421,-0.011],[0,0],[0,0]],"v":[[-19.184,-49.087],[-2.457,-49.087],[15.765,-30.864],[15.765,-25.263],[-1.801,-7.052],[-3.07,-7.052],[-19.184,-6.653]],"c":true},"ix":2},"nm":"Path 2","mn":"ADBE Vector Shape - Group","hd":false},{"ind":2,"ty":"sh","ix":3,"ks":{"a":0,"k":{"i":[[3.351,1.171],[0,8.73],[0,0],[11.702,0],[0,0],[0,0],[0,0],[0,13.588],[0,0],[4.795,4.677]],"o":[[7.651,-3.23],[0,0],[0,-11.703],[0,0],[0,0],[0,0],[13.588,0],[0,0],[0,-6.698],[-2.623,-2.559]],"v":[[5.693,-5.69],[18.765,-25.263],[18.765,-30.864],[-2.457,-52.087],[-22.184,-52.087],[-22.184,52.087],[-2.459,52.087],[22.184,27.444],[22.184,17.583],[14.749,-0.057]],"c":true},"ix":2},"nm":"Path 3","mn":"ADBE Vector Shape - Group","hd":false},{"ty":"fl","c":{"a":0,"k":[0.137254908681,0.121568627656,0.1254902035,1],"ix":4},"o":{"a":0,"k":100,"ix":5},"r":1,"bm":0,"nm":"Fill 1","mn":"ADBE Vector Graphic - Fill","hd":false},{"ty":"tr","p":{"a":0,"k":[497.34,64.872],"ix":2},"a":{"a":0,"k":[0,0],"ix":1},"s":{"a":0,"k":[100,100],"ix":3},"r":{"a":0,"k":0,"ix":6},"o":{"a":0,"k":100,"ix":7},"sk":{"a":0,"k":0,"ix":4},"sa":{"a":0,"k":0,"ix":5},"nm":"Transform"}],"nm":"Group 4","np":4,"cix":2,"bm":0,"ix":4,"mn":"ADBE Vector Group","hd":false},{"ty":"gr","it":[{"ind":0,"ty":"sh","ix":1,"ks":{"a":0,"k":{"i":[[0,0],[0,0],[0,0],[0,0]],"o":[[0,0],[0,0],[0,0],[0,0]],"v":[[-1.5,51.771],[1.5,51.771],[1.5,-51.771],[-1.5,-51.771]],"c":true},"ix":2},"nm":"Path 1","mn":"ADBE Vector Shape - Group","hd":false},{"ty":"fl","c":{"a":0,"k":[0.137254908681,0.121568627656,0.1254902035,1],"ix":4},"o":{"a":0,"k":100,"ix":5},"r":1,"bm":0,"nm":"Fill 1","mn":"ADBE Vector Graphic - Fill","hd":false},{"ty":"tr","p":{"a":0,"k":[451.355,65.055],"ix":2},"a":{"a":0,"k":[0,0],"ix":1},"s":{"a":0,"k":[100,100],"ix":3},"r":{"a":0,"k":0,"ix":6},"o":{"a":0,"k":100,"ix":7},"sk":{"a":0,"k":0,"ix":4},"sa":{"a":0,"k":0,"ix":5},"nm":"Transform"}],"nm":"Group 5","np":2,"cix":2,"bm":0,"ix":5,"mn":"ADBE Vector Group","hd":false},{"ty":"gr","it":[{"ind":0,"ty":"sh","ix":1,"ks":{"a":0,"k":{"i":[[0,0],[11.075,0],[0,0],[0,0],[0,0],[0,-11.075]],"o":[[0,11.075],[0,0],[0,0],[0,0],[11.075,0],[0,0]],"v":[[18.697,-21.59],[-1.387,-1.506],[-18.697,-1.506],[-18.697,-49.277],[-1.387,-49.277],[18.697,-29.192]],"c":true},"ix":2},"nm":"Path 1","mn":"ADBE Vector Shape - Group","hd":false},{"ind":1,"ty":"sh","ix":2,"ks":{"a":0,"k":{"i":[[12.729,0],[0,0],[0,0],[0,0],[0,0],[0,0],[-0.679,0.06],[0,0],[0,0],[0,0],[0,10.984],[0,0]],"o":[[0,0],[0,0],[0,0],[0,0],[0,0],[0.694,0],[0,0],[0,0],[0,0],[10.293,-2.321],[0,0],[0,-12.729]],"v":[[-1.387,-52.277],[-21.697,-52.277],[-21.697,51.765],[-18.697,51.765],[-18.697,1.494],[-1.387,1.494],[0.671,1.398],[18.788,52.277],[21.697,52.277],[3.691,0.925],[21.697,-21.59],[21.697,-29.192]],"c":true},"ix":2},"nm":"Path 2","mn":"ADBE Vector Shape - Group","hd":false},{"ty":"fl","c":{"a":0,"k":[0.137254908681,0.121568627656,0.1254902035,1],"ix":4},"o":{"a":0,"k":100,"ix":5},"r":1,"bm":0,"nm":"Fill 1","mn":"ADBE Vector Graphic - Fill","hd":false},{"ty":"tr","p":{"a":0,"k":[408.987,65.061],"ix":2},"a":{"a":0,"k":[0,0],"ix":1},"s":{"a":0,"k":[100,100],"ix":3},"r":{"a":0,"k":0,"ix":6},"o":{"a":0,"k":100,"ix":7},"sk":{"a":0,"k":0,"ix":4},"sa":{"a":0,"k":0,"ix":5},"nm":"Transform"}],"nm":"Group 6","np":3,"cix":2,"bm":0,"ix":6,"mn":"ADBE Vector Group","hd":false},{"ty":"gr","it":[{"ind":0,"ty":"sh","ix":1,"ks":{"a":0,"k":{"i":[[0,0],[0,0],[0,0],[0,0],[0,0],[0,0],[0,0],[0,0]],"o":[[0,0],[0,0],[0,0],[0,0],[0,0],[0,0],[0,0],[0,0]],"v":[[-23.933,-49.021],[-1.5,-49.021],[-1.5,52.021],[1.5,52.021],[1.5,-49.021],[23.933,-49.021],[23.933,-52.021],[-23.933,-52.021]],"c":true},"ix":2},"nm":"Path 1","mn":"ADBE Vector Shape - Group","hd":false},{"ty":"fl","c":{"a":0,"k":[0.137254908681,0.121568627656,0.1254902035,1],"ix":4},"o":{"a":0,"k":100,"ix":5},"r":1,"bm":0,"nm":"Fill 1","mn":"ADBE Vector Graphic - Fill","hd":false},{"ty":"tr","p":{"a":0,"k":[763.159,64.805],"ix":2},"a":{"a":0,"k":[0,0],"ix":1},"s":{"a":0,"k":[100,100],"ix":3},"r":{"a":0,"k":0,"ix":6},"o":{"a":0,"k":100,"ix":7},"sk":{"a":0,"k":0,"ix":4},"sa":{"a":0,"k":0,"ix":5},"nm":"Transform"}],"nm":"Group 7","np":2,"cix":2,"bm":0,"ix":7,"mn":"ADBE Vector Group","hd":false},{"ty":"gr","it":[{"ind":0,"ty":"sh","ix":1,"ks":{"a":0,"k":{"i":[[0,0],[0,0],[0,0],[0,0],[0,0],[0,0],[0,0],[0,0]],"o":[[0,0],[0,0],[0,0],[0,0],[0,0],[0,0],[0,0],[0,0]],"v":[[-23.932,-49.021],[-1.5,-49.021],[-1.5,52.021],[1.5,52.021],[1.5,-49.021],[23.932,-49.021],[23.932,-52.021],[-23.932,-52.021]],"c":true},"ix":2},"nm":"Path 1","mn":"ADBE Vector Shape - Group","hd":false},{"ty":"fl","c":{"a":0,"k":[0.137254908681,0.121568627656,0.1254902035,1],"ix":4},"o":{"a":0,"k":100,"ix":5},"r":1,"bm":0,"nm":"Fill 1","mn":"ADBE Vector Graphic - Fill","hd":false},{"ty":"tr","p":{"a":0,"k":[622.984,64.805],"ix":2},"a":{"a":0,"k":[0,0],"ix":1},"s":{"a":0,"k":[100,100],"ix":3},"r":{"a":0,"k":0,"ix":6},"o":{"a":0,"k":100,"ix":7},"sk":{"a":0,"k":0,"ix":4},"sa":{"a":0,"k":0,"ix":5},"nm":"Transform"}],"nm":"Group 8","np":2,"cix":2,"bm":0,"ix":8,"mn":"ADBE Vector Group","hd":false},{"ty":"gr","it":[{"ind":0,"ty":"sh","ix":1,"ks":{"a":0,"k":{"i":[[0,0],[0,0],[0,0],[0,0],[0,0],[0,0],[0,0],[0,0]],"o":[[0,0],[0,0],[0,0],[0,0],[0,0],[0,0],[0,0],[0,0]],"v":[[-23.932,-49.021],[-1.5,-49.021],[-1.5,52.021],[1.5,52.021],[1.5,-49.021],[23.932,-49.021],[23.932,-52.021],[-23.932,-52.021]],"c":true},"ix":2},"nm":"Path 1","mn":"ADBE Vector Shape - Group","hd":false},{"ty":"fl","c":{"a":0,"k":[0.137254908681,0.121568627656,0.1254902035,1],"ix":4},"o":{"a":0,"k":100,"ix":5},"r":1,"bm":0,"nm":"Fill 1","mn":"ADBE Vector Graphic - Fill","hd":false},{"ty":"tr","p":{"a":0,"k":[348.105,64.805],"ix":2},"a":{"a":0,"k":[0,0],"ix":1},"s":{"a":0,"k":[100,100],"ix":3},"r":{"a":0,"k":0,"ix":6},"o":{"a":0,"k":100,"ix":7},"sk":{"a":0,"k":0,"ix":4},"sa":{"a":0,"k":0,"ix":5},"nm":"Transform"}],"nm":"Group 9","np":2,"cix":2,"bm":0,"ix":9,"mn":"ADBE Vector Group","hd":false},{"ty":"tr","p":{"a":0,"k":[348.105,64.805],"ix":2},"a":{"a":0,"k":[348.105,64.805],"ix":1},"s":{"a":0,"k":[100,100],"ix":3},"r":{"a":0,"k":0,"ix":6},"o":{"a":0,"k":100,"ix":7},"sk":{"a":0,"k":0,"ix":4},"sa":{"a":0,"k":0,"ix":5},"nm":"Transform"}],"nm":"Group 12","np":9,"cix":2,"bm":0,"ix":12,"mn":"ADBE Vector Group","hd":false},{"ty":"gr","it":[{"ind":0,"ty":"sh","ix":1,"ks":{"a":0,"k":{"i":[[0,0],[0,0],[2.927,0],[0,0],[0,2.927],[0,0],[0,0],[0,-4.265],[-43.791,0],[0,5.47],[0,0]],"o":[[0,0],[0,2.927],[0,0],[-2.927,0],[0,0],[0,0],[0,0],[0,4.265],[46.471,0],[0,-5.47],[0,0]],"v":[[4.799,-99.462],[4.799,64.816],[-0.5,70.115],[-0.5,70.115],[-5.799,64.816],[-5.799,10.626],[-45.117,10.626],[-45.117,72.167],[-1.355,99.462],[45.117,71.825],[45.117,-99.462]],"c":true},"ix":2},"nm":"Path 1","mn":"ADBE Vector Shape - Group","hd":false},{"ty":"fl","c":{"a":0,"k":[0.137254908681,0.121568627656,0.1254902035,1],"ix":4},"o":{"a":0,"k":100,"ix":5},"r":1,"bm":0,"nm":"Fill 1","mn":"ADBE Vector Graphic - Fill","hd":false},{"ty":"tr","p":{"a":0,"k":[266.722,112.038],"ix":2},"a":{"a":0,"k":[0,0],"ix":1},"s":{"a":0,"k":[100,100],"ix":3},"r":{"a":0,"k":0,"ix":6},"o":{"a":0,"k":100,"ix":7},"sk":{"a":0,"k":0,"ix":4},"sa":{"a":0,"k":0,"ix":5},"nm":"Transform"}],"nm":"Group 13","np":2,"cix":2,"bm":0,"ix":13,"mn":"ADBE Vector Group","hd":false},{"ty":"gr","it":[{"ind":0,"ty":"sh","ix":1,"ks":{"a":0,"k":{"i":[[0,0],[0,0],[0,0],[0,0],[0,0],[0,0],[0,0],[0,0],[0,0],[0,0]],"o":[[0,0],[0,0],[0,0],[0,0],[0,0],[0,0],[0,0],[0,0],[0,0],[0,0]],"v":[[-46.668,-97.61],[-46.668,97.61],[-4.274,97.61],[-4.274,1],[46.668,1],[46.668,-40.514],[-4.274,-40.514],[-4.274,-52.48],[46.668,-52.48],[46.668,-97.61]],"c":true},"ix":2},"nm":"Path 1","mn":"ADBE Vector Shape - Group","hd":false},{"ty":"fl","c":{"a":0,"k":[0.137254908681,0.121568627656,0.1254902035,1],"ix":4},"o":{"a":0,"k":100,"ix":5},"r":1,"bm":0,"nm":"Fill 1","mn":"ADBE Vector Graphic - Fill","hd":false},{"ty":"tr","p":{"a":0,"k":[214.255,110.185],"ix":2},"a":{"a":0,"k":[0,0],"ix":1},"s":{"a":0,"k":[100,100],"ix":3},"r":{"a":0,"k":0,"ix":6},"o":{"a":0,"k":100,"ix":7},"sk":{"a":0,"k":0,"ix":4},"sa":{"a":0,"k":0,"ix":5},"nm":"Transform"}],"nm":"Group 14","np":2,"cix":2,"bm":0,"ix":14,"mn":"ADBE Vector Group","hd":false},{"ty":"gr","it":[{"ind":0,"ty":"sh","ix":1,"ks":{"a":0,"k":{"i":[[0,0],[0,0],[0,0],[3.116,0],[0,0],[0,-3.116],[0,0],[-3.116,0],[0,0],[0,3.116],[0,0],[0,0],[0,-5.47],[45.137,0],[0,4.103],[0,0],[-45.984,0],[0,0]],"o":[[0,0],[0,0],[0,-3.116],[0,0],[-3.116,0],[0,0],[0,3.116],[0,0],[3.116,0],[0,0],[0,0],[0,0],[0,5.47],[-46.839,0],[0,-4.103],[0,0],[45.984,0],[0,0]],"v":[[45.984,2.185],[5.641,2.185],[5.641,-66.142],[0,-71.783],[-0.342,-71.783],[-5.983,-66.142],[-5.983,66.17],[-0.342,71.811],[-0.342,71.811],[5.299,66.17],[5.299,12.322],[45.984,12.322],[45.984,71.811],[0.855,101.5],[-45.984,74.204],[-45.984,-71.783],[0,-101.5],[45.984,-70.415]],"c":true},"ix":2},"nm":"Path 1","mn":"ADBE Vector Shape - Group","hd":false},{"ty":"fl","c":{"a":0,"k":[0.137254908681,0.121568627656,0.1254902035,1],"ix":4},"o":{"a":0,"k":100,"ix":5},"r":1,"bm":0,"nm":"Fill 1","mn":"ADBE Vector Graphic - Fill","hd":false},{"ty":"tr","p":{"a":0,"k":[111.346,110],"ix":2},"a":{"a":0,"k":[0,0],"ix":1},"s":{"a":0,"k":[100,100],"ix":3},"r":{"a":0,"k":0,"ix":6},"o":{"a":0,"k":100,"ix":7},"sk":{"a":0,"k":0,"ix":4},"sa":{"a":0,"k":0,"ix":5},"nm":"Transform"}],"nm":"Group 15","np":2,"cix":2,"bm":0,"ix":15,"mn":"ADBE Vector Group","hd":false},{"ty":"gr","it":[{"ind":0,"ty":"sh","ix":1,"ks":{"a":0,"k":{"i":[[0,0],[0,0],[0,0],[0,0]],"o":[[0,0],[0,0],[0,0],[0,0]],"v":[[-21.04,-97.61],[-21.04,97.61],[21.04,97.61],[21.04,-97.61]],"c":true},"ix":2},"nm":"Path 1","mn":"ADBE Vector Shape - Group","hd":false},{"ty":"fl","c":{"a":0,"k":[0.137254908681,0.121568627656,0.1254902035,1],"ix":4},"o":{"a":0,"k":100,"ix":5},"r":1,"bm":0,"nm":"Fill 1","mn":"ADBE Vector Graphic - Fill","hd":false},{"ty":"tr","p":{"a":0,"k":[33.04,110.185],"ix":2},"a":{"a":0,"k":[0,0],"ix":1},"s":{"a":0,"k":[100,100],"ix":3},"r":{"a":0,"k":0,"ix":6},"o":{"a":0,"k":100,"ix":7},"sk":{"a":0,"k":0,"ix":4},"sa":{"a":0,"k":0,"ix":5},"nm":"Transform"}],"nm":"Group 16","np":2,"cix":2,"bm":0,"ix":16,"mn":"ADBE Vector Group","hd":false}],"ip":0,"op":73,"st":0,"bm":0}],"markers":[]}