{
  "v": "5.5.7",
  "meta": { "g": "LottieFiles AE 0.1.20", "a": "", "k": "", "d": "", "tc": "" },
  "fr": 24,
  "ip": 0,
  "op": 24,
  "w": 500,
  "h": 500,
  "nm": "Black Dot",
  "ddd": 0,
  "assets": [],
  "layers": [
    {
      "ddd": 0,
      "ind": 1,
      "ty": 4,
      "nm": "Shape Layer 1",
      "sr": 1,
      "ks": {
        "o": { "a": 0, "k": 100, "ix": 11 },
        "r": { "a": 0, "k": 0, "ix": 10 },
        "p": { "a": 0, "k": [255.481, 251.243, 0], "ix": 2 },
        "a": { "a": 0, "k": [0, 0, 0], "ix": 1 },
        "s": { "a": 0, "k": [100, 100, 100], "ix": 6 }
      },
      "ao": 0,
      "shapes": [
        {
          "ty": "gr",
          "it": [
            {
              "ind": 0,
              "ty": "sh",
              "ix": 1,
              "ks": {
                "a": 1,
                "k": [
                  {
                    "t": 0,
                    "s": [
                      {
                        "i": [
                          [-34.278, 0],
                          [-20.114, -27.022],
                          [0, -24.671],
                          [17.415, -19.51],
                          [32.736, 0],
                          [19.561, 17.644],
                          [0, 32.529],
                          [-15.747, 19.077]
                        ],
                        "o": [
                          [36.275, 0],
                          [13.68, 18.377],
                          [0, 28.21],
                          [-20.209, 22.64],
                          [-28.417, 0],
                          [-22.392, -20.197],
                          [0, -26.668],
                          [20.24, -24.52]
                        ],
                        "v": [
                          [0, -110.353],
                          [88.577, -65.828],
                          [110.353, 0],
                          [82.352, 73.458],
                          [0, 110.353],
                          [-73.886, 81.968],
                          [-110.353, 0],
                          [-85.146, -70.204]
                        ],
                        "c": true
                      }
                    ],
                    "h": 1
                  },
                  {
                    "t": 3,
                    "s": [
                      {
                        "i": [
                          [-34.278, 0],
                          [-20.114, -27.022],
                          [0, -24.671],
                          [17.415, -19.51],
                          [32.736, 0],
                          [19.561, 17.644],
                          [0, 32.529],
                          [-15.747, 19.077]
                        ],
                        "o": [
                          [36.275, 0],
                          [13.68, 18.377],
                          [0, 28.21],
                          [-20.209, 22.64],
                          [-28.417, 0],
                          [-22.392, -20.197],
                          [0, -26.668],
                          [20.24, -24.52]
                        ],
                        "v": [
                          [0, -107.253],
                          [89.078, -69.96],
                          [112.355, 0.517],
                          [83.854, 78.107],
                          [-2.503, 106.736],
                          [-78.891, 84.551],
                          [-114.357, -0.517],
                          [-82.143, -72.787]
                        ],
                        "c": true
                      }
                    ],
                    "h": 1
                  },
                  {
                    "t": 8,
                    "s": [
                      {
                        "i": [
                          [-34.278, 0],
                          [-20.114, -27.022],
                          [0, -24.671],
                          [17.415, -19.51],
                          [32.736, 0],
                          [19.561, 17.644],
                          [0, 32.529],
                          [-15.747, 19.077]
                        ],
                        "o": [
                          [36.275, 0],
                          [13.68, 18.377],
                          [0, 28.21],
                          [-20.209, 22.64],
                          [-28.417, 0],
                          [-22.392, -20.197],
                          [0, -26.668],
                          [20.24, -24.52]
                        ],
                        "v": [
                          [0, -112.936],
                          [87.576, -68.927],
                          [113.856, -0.517],
                          [82.853, 79.14],
                          [-0.501, 112.936],
                          [-73.886, 84.551],
                          [-106.849, 3.1],
                          [-83.644, -68.654]
                        ],
                        "c": true
                      }
                    ],
                    "h": 1
                  },
                  {
                    "t": 12,
                    "s": [
                      {
                        "i": [
                          [-34.278, 0],
                          [-20.114, -27.022],
                          [0, -24.671],
                          [17.415, -19.51],
                          [32.736, 0],
                          [19.561, 17.644],
                          [0, 32.529],
                          [-15.747, 19.077]
                        ],
                        "o": [
                          [36.275, 0],
                          [13.68, 18.377],
                          [0, 28.21],
                          [-20.209, 22.64],
                          [-28.417, 0],
                          [-22.392, -20.197],
                          [0, -26.668],
                          [20.24, -24.52]
                        ],
                        "v": [
                          [-8.008, -109.836],
                          [83.572, -71.51],
                          [109.852, -7.232],
                          [88.358, 67.259],
                          [11.512, 110.869],
                          [-66.879, 87.651],
                          [-110.353, 9.299],
                          [-90.151, -63.488]
                        ],
                        "c": true
                      }
                    ],
                    "h": 1
                  },
                  {
                    "t": 16,
                    "s": [
                      {
                        "i": [
                          [-34.278, 0],
                          [-20.114, -27.022],
                          [0, -24.671],
                          [17.415, -19.51],
                          [32.736, 0],
                          [19.561, 17.644],
                          [0, 32.529],
                          [-15.747, 19.077]
                        ],
                        "o": [
                          [36.275, 0],
                          [13.68, 18.377],
                          [0, 28.21],
                          [-20.209, 22.64],
                          [-28.417, 0],
                          [-22.392, -20.197],
                          [0, -26.668],
                          [20.24, -24.52]
                        ],
                        "v": [
                          [-0.501, -107.77],
                          [82.571, -70.994],
                          [105.347, -0.517],
                          [79.349, 80.174],
                          [1.502, 107.253],
                          [-72.384, 85.584],
                          [-104.346, 0.517],
                          [-85.146, -72.787]
                        ],
                        "c": true
                      }
                    ],
                    "h": 1
                  },
                  {
                    "t": 20,
                    "s": [
                      {
                        "i": [
                          [-34.278, 0],
                          [-20.114, -27.022],
                          [0, -24.671],
                          [17.415, -19.51],
                          [32.736, 0],
                          [19.561, 17.644],
                          [0, 32.529],
                          [-15.747, 19.077]
                        ],
                        "o": [
                          [36.275, 0],
                          [13.68, 18.377],
                          [0, 28.21],
                          [-20.209, 22.64],
                          [-28.417, 0],
                          [-22.392, -20.197],
                          [0, -26.668],
                          [20.24, -24.52]
                        ],
                        "v": [
                          [10.01, -109.836],
                          [93.082, -61.178],
                          [110.353, 11.882],
                          [76.847, 83.79],
                          [-9.51, 109.836],
                          [-81.894, 76.285],
                          [-108.851, -6.716],
                          [-80.141, -76.919]
                        ],
                        "c": true
                      }
                    ],
                    "h": 1
                  },
                  {
                    "t": 24,
                    "s": [
                      {
                        "i": [
                          [-34.278, 0],
                          [-20.114, -27.022],
                          [0, -24.671],
                          [17.415, -19.51],
                          [32.736, 0],
                          [19.561, 17.644],
                          [0, 32.529],
                          [-15.747, 19.077]
                        ],
                        "o": [
                          [36.275, 0],
                          [13.68, 18.377],
                          [0, 28.21],
                          [-20.209, 22.64],
                          [-28.417, 0],
                          [-22.392, -20.197],
                          [0, -26.668],
                          [20.24, -24.52]
                        ],
                        "v": [
                          [0, -114.227],
                          [91.205, -68.927],
                          [105.347, 0.129],
                          [79.099, 69.842],
                          [-0.125, 113.194],
                          [-78.641, 84.68],
                          [-105.347, -0.129],
                          [-81.017, -67.362]
                        ],
                        "c": true
                      }
                    ],
                    "h": 1
                  }
                ],
                "ix": 2
              },
              "nm": "Path 1",
              "mn": "ADBE Vector Shape - Group",
              "hd": false
            },
            {
              "ty": "fl",
              "c": { "a": 0, "k": [0, 0, 0, 1], "ix": 4 },
              "o": { "a": 0, "k": 100, "ix": 5 },
              "r": 1,
              "bm": 0,
              "nm": "Fill 1",
              "mn": "ADBE Vector Graphic - Fill",
              "hd": false
            },
            {
              "ty": "tr",
              "p": { "a": 0, "k": [-5.481, -1.243], "ix": 2 },
              "a": { "a": 0, "k": [0, 0], "ix": 1 },
              "s": { "a": 0, "k": [199.796, 193.572], "ix": 3 },
              "r": { "a": 0, "k": 0, "ix": 6 },
              "o": { "a": 0, "k": 100, "ix": 7 },
              "sk": { "a": 0, "k": 0, "ix": 4 },
              "sa": { "a": 0, "k": 0, "ix": 5 },
              "nm": "Transform"
            }
          ],
          "nm": "Ellipse 1",
          "np": 3,
          "cix": 2,
          "bm": 0,
          "ix": 1,
          "mn": "ADBE Vector Group",
          "hd": false
        }
      ],
      "ip": 0,
      "op": 24,
      "st": 0,
      "bm": 0
    }
  ],
  "markers": []
}
